Workbook

Sheet bid input
A1: time | B1: bidID | C1: Bid Type | D1: if general: Aggregate $ | E1: if general, max % per asset | F1: if specified, bid % | G1: if specified, loan or MO | H1: Loan # if applicable | I1: MO if applicable | J1: order type | K1: if competitive, bid rate | L1: order timing | M1: Funds available | N1: If auto, date/time order placed | O1: Specified & Competitive | P1: Specified & Noncompetitive | Q1: General & Competitive | R1: General & Noncompetitive | S1: time
A2: 0.625 | B2: 1104134 | C2: General | D2: 15000000 | E2: 0.1 | J2: Noncompetitive | L2: Auto | M2: 187500 | N2: 40892.537 | O2: =+IF(AND(C2="Specified",J2="Competitive"),1,0) -> 0 | P2: =+IF(AND(C2="Specified",J2="Noncompetitive"),1,0) -> 0 | Q2: =+IF(AND(C2="General",J2="Competitive"),1,0) -> 0 | R2: =+IF(AND(C2="General",J2="Noncompetitive"),1,0) -> 1 | S2: 40928.625
A3: 0.625 | B3: 1104143 | C3: Specified | F3: 0.2 | G3: MO | I3: ABC Mortgage | J3: Noncompetitive | L3: Auto | M3: 500000 | N3: 40897.364 | O3: =+IF(AND(C3="Specified",J3="Competitive"),1,0) -> 0 | P3: =+IF(AND(C3="Specified",J3="Noncompetitive"),1,0) -> 1 | Q3: =+IF(AND(C3="General",J3="Competitive"),1,0) -> 0 | R3: =+IF(AND(C3="General",J3="Noncompetitive"),1,0) -> 0 | S3: 40928.625
A4: 0.625 | B4: 1104154 | C4: General | D4: 20000000 | E4: 0.2 | J4: Competitive | K4: 0.03 | L4: Auto | M4: 185000 | N4: 40913.387 | O4: =+IF(AND(C4="Specified",J4="Competitive"),1,0) -> 0 | P4: =+IF(AND(C4="Specified",J4="Noncompetitive"),1,0) -> 0 | Q4: =+IF(AND(C4="General",J4="Competitive"),1,0) -> 1 | R4: =+IF(AND(C4="General",J4="Noncompetitive"),1,0) -> 0 | S4: 40928.625
A5: 0.625 | B5: 1104152 | C5: Specified | F5: 0.2 | G5: MO | I5: Prime Lending | J5: Competitive | K5: 0.03 | L5: Auto | M5: 1500000 | N5: 40913.386 | O5: =+IF(AND(C5="Specified",J5="Competitive"),1,0) -> 1 | P5: =+IF(AND(C5="Specified",J5="Noncompetitive"),1,0) -> 0 | Q5: =+IF(AND(C5="General",J5="Competitive"),1,0) -> 0 | R5: =+IF(AND(C5="General",J5="Noncompetitive"),1,0) -> 0 | S5: 40928.625
A6: 0.71263889 | B6: 1104136 | C6: Specified | F6: 0.2 | G6: Loan | H6: 4 | J6: Competitive | K6: 0.06 | L6: Day Trade | M6: 860000 | O6: =+IF(AND(C6="Specified",J6="Competitive"),1,0) -> 1 | P6: =+IF(AND(C6="Specified",J6="Noncompetitive"),1,0) -> 0 | Q6: =+IF(AND(C6="General",J6="Competitive"),1,0) -> 0 | R6: =+IF(AND(C6="General",J6="Noncompetitive"),1,0) -> 0 | S6: 40928.713
A7: 0.77263889 | B7: 1104138 | C7: General | D7: 1000000 | E7: 0.5 | J7: Competitive | K7: 0.02125 | L7: Day Trade | M7: 300000 | O7: =+IF(AND(C7="Specified",J7="Competitive"),1,0) -> 0 | P7: =+IF(AND(C7="Specified",J7="Noncompetitive"),1,0) -> 0 | Q7: =+IF(AND(C7="General",J7="Competitive"),1,0) -> 1 | R7: =+IF(AND(C7="General",J7="Noncompetitive"),1,0) -> 0 | S7: 40928.773
A8: 0.80263889 | B8: 1104139 | C8: General | D8: 500000 | E8: 0.3 | J8: Competitive | K8: 0.0225 | L8: Day Trade | M8: 250000 | O8: =+IF(AND(C8="Specified",J8="Competitive"),1,0) -> 0 | P8: =+IF(AND(C8="Specified",J8="Noncompetitive"),1,0) -> 0 | Q8: =+IF(AND(C8="General",J8="Competitive"),1,0) -> 1 | R8: =+IF(AND(C8="General",J8="Noncompetitive"),1,0) -> 0 | S8: 40928.803
A9: 0.83263889 | B9: 1104140 | C9: Specified | F9: 0.2 | G9: Loan | H9: 5 | J9: Competitive | K9: 0.025 | L9: Day Trade | M9: 74000 | O9: =+IF(AND(C9="Specified",J9="Competitive"),1,0) -> 1 | P9: =+IF(AND(C9="Specified",J9="Noncompetitive"),1,0) -> 0 | Q9: =+IF(AND(C9="General",J9="Competitive"),1,0) -> 0 | R9: =+IF(AND(C9="General",J9="Noncompetitive"),1,0) -> 0 | S9: 40928.833
A10: 0.86263889 | B10: 1104141 | C10: General | D10: 500000 | E10: 0.2 | J10: Competitive | K10: 0.025 | L10: Day Trade | M10: 285000 | O10: =+IF(AND(C10="Specified",J10="Competitive"),1,0) -> 0 | P10: =+IF(AND(C10="Specified",J10="Noncompetitive"),1,0) -> 0 | Q10: =+IF(AND(C10="General",J10="Competitive"),1,0) -> 1 | R10: =+IF(AND(C10="General",J10="Noncompetitive"),1,0) -> 0 | S10: 40928.863
A11: 0.90263889 | B11: 1104159 | C11: Specified | F11: 0.2 | G11: Loan | H11: 1 | J11: Noncompetitive | L11: Day Trade | M11: 532000 | O11: =+IF(AND(C11="Specified",J11="Competitive"),1,0) -> 0 | P11: =+IF(AND(C11="Specified",J11="Noncompetitive"),1,0) -> 1 | Q11: =+IF(AND(C11="General",J11="Competitive"),1,0) -> 0 | R11: =+IF(AND(C11="General",J11="Noncompetitive"),1,0) -> 0 | S11: 40928.903
A12: 0.96263889 | B12: 1104161 | C12: Specified | F12: 0.2 | G12: Loan | H12: 4 | J12: Noncompetitive | L12: Day Trade | M12: 292000 | O12: =+IF(AND(C12="Specified",J12="Competitive"),1,0) -> 0 | P12: =+IF(AND(C12="Specified",J12="Noncompetitive"),1,0) -> 1 | Q12: =+IF(AND(C12="General",J12="Competitive"),1,0) -> 0 | R12: =+IF(AND(C12="General",J12="Noncompetitive"),1,0) -> 0 | S12: 40928.963
A13: 0.98263889 | B13: 1104145 | C13: Specified | F13: 0.1 | G13: Loan | H13: 1 | J13: Competitive | K13: 0.015 | L13: Day Trade | M13: 752000 | O13: =+IF(AND(C13="Specified",J13="Competitive"),1,0) -> 1 | P13: =+IF(AND(C13="Specified",J13="Noncompetitive"),1,0) -> 0 | Q13: =+IF(AND(C13="General",J13="Competitive"),1,0) -> 0 | R13: =+IF(AND(C13="General",J13="Noncompetitive"),1,0) -> 0 | S13: 40928.983
A14: 1.0993056 | B14: 1104133 | C14: Specified | F14: 0.2 | G14: Loan | H14: 4 | J14: Competitive | K14: 0.04 | L14: Day Trade | M14: 418000 | O14: =+IF(AND(C14="Specified",J14="Competitive"),1,0) -> 1 | P14: =+IF(AND(C14="Specified",J14="Noncompetitive"),1,0) -> 0 | Q14: =+IF(AND(C14="General",J14="Competitive"),1,0) -> 0 | R14: =+IF(AND(C14="General",J14="Noncompetitive"),1,0) -> 0 | S14: 40929.099
A15: 1.1026389 | B15: 1104149 | C15: Specified | F15: 0.2 | G15: Loan | H15: 5 | J15: Noncompetitive | L15: Day Trade | M15: 47000 | O15: =+IF(AND(C15="Specified",J15="Competitive"),1,0) -> 0 | P15: =+IF(AND(C15="Specified",J15="Noncompetitive"),1,0) -> 1 | Q15: =+IF(AND(C15="General",J15="Competitive"),1,0) -> 0 | R15: =+IF(AND(C15="General",J15="Noncompetitive"),1,0) -> 0 | S15: 40929.103
A16: 1.1626389 | B16: 1104151 | C16: Specified | F16: 0.2 | G16: Loan | H16: 1 | J16: Noncompetitive | L16: Day Trade | M16: 283000 | O16: =+IF(AND(C16="Specified",J16="Competitive"),1,0) -> 0 | P16: =+IF(AND(C16="Specified",J16="Noncompetitive"),1,0) -> 1 | Q16: =+IF(AND(C16="General",J16="Competitive"),1,0) -> 0 | R16: =+IF(AND(C16="General",J16="Noncompetitive"),1,0) -> 0 | S16: 40929.163
A17: 1.1926389 | B17: 1104131 | C17: General | D17: 1000000 | E17: 0.5 | J17: Noncompetitive | L17: Day Trade | M17: 598000 | O17: =+IF(AND(C17="Specified",J17="Competitive"),1,0) -> 0 | P17: =+IF(AND(C17="Specified",J17="Noncompetitive"),1,0) -> 0 | Q17: =+IF(AND(C17="General",J17="Competitive"),1,0) -> 0 | R17: =+IF(AND(C17="General",J17="Noncompetitive"),1,0) -> 1 | S17: 40929.193
A18: 1.2826389 | B18: 1104155 | C18: Specified | F18: 0.2 | G18: MO | I18: Best Loans Inc | J18: Competitive | K18: 0.02125 | L18: Day Trade | M18: 639000 | O18: =+IF(AND(C18="Specified",J18="Competitive"),1,0) -> 1 | P18: =+IF(AND(C18="Specified",J18="Noncompetitive"),1,0) -> 0 | Q18: =+IF(AND(C18="General",J18="Competitive"),1,0) -> 0 | R18: =+IF(AND(C18="General",J18="Noncompetitive"),1,0) -> 0 | S18: 40929.283
A19: 1.3126389 | B19: 1104156 | C19: Specified | F19: 0.2 | G19: Loan | H19: 2 | J19: Noncompetitive | L19: Day Trade | M19: 274000 | O19: =+IF(AND(C19="Specified",J19="Competitive"),1,0) -> 0 | P19: =+IF(AND(C19="Specified",J19="Noncompetitive"),1,0) -> 1 | Q19: =+IF(AND(C19="General",J19="Competitive"),1,0) -> 0 | R19: =+IF(AND(C19="General",J19="Noncompetitive"),1,0) -> 0 | S19: 40929.313
A20: 1.3426389 | B20: 1104157 | C20: General | D20: 1000000 | E20: 0.3 | J20: Noncompetitive | L20: Day Trade | M20: 629000 | O20: =+IF(AND(C20="Specified",J20="Competitive"),1,0) -> 0 | P20: =+IF(AND(C20="Specified",J20="Noncompetitive"),1,0) -> 0 | Q20: =+IF(AND(C20="General",J20="Competitive"),1,0) -> 0 | R20: =+IF(AND(C20="General",J20="Noncompetitive"),1,0) -> 1 | S20: 40929.343
A21: 1.3726389 | B21: 1104158 | C21: Specified | F21: 0.2 | G21: Loan | H21: 1 | J21: Competitive | K21: 0.0225 | L21: Day Trade | M21: 562000 | O21: =+IF(AND(C21="Specified",J21="Competitive"),1,0) -> 1 | P21: =+IF(AND(C21="Specified",J21="Noncompetitive"),1,0) -> 0 | Q21: =+IF(AND(C21="General",J21="Competitive"),1,0) -> 0 | R21: =+IF(AND(C21="General",J21="Noncompetitive"),1,0) -> 0 | S21: 40929.373

Sheet assets available for bid
F1: Allocation process:
E2: Loan Number | G2: 1 | H2: 2 | I2: 3 | J2: 4 | K2: 5 | L2: 6 | M2: Batch Total
E3: MO | G3: ABC Mortgage | H3: ABC Mortgage | I3: Prime Lending | J3: Prime Lending | K3: Best Loans Inc | L3: Integrity Lending
E4: Loan Amount | G4: 318725 | H4: 375685 | I4: 479875 | J4: 525400 | K4: 515425 | L4: 485000 | M4: =SUM(G4:L4) -> 2700110
A6: Step 2 of process - Assets are assigned Specified/Competitive bids:
B7: Bid ID | C7: Loan # | D7: MO | E7: Specific & Competitive? | F7: Rate
B8: =+'bid input'!B2 -> 1104134 | C8: =+'bid input'!H2 -> 0 | D8: =+'bid input'!I2 -> 0 | E8: =+IF('bid input'!O2=1,"Y","N") -> N | F8: =+'bid input'!K2 | G8: =+IF(AND(IsSC="Y",LoanN_SC=LoanNumber,LoanN_SC>0),S_Percent,IF(AND(IsSC="Y",S_MO=MO,LoanN_SC=0),S_Percent,0))*LoanAmount -> 0 | H8: =+IF(AND(IsSC="Y",LoanN_SC=LoanNumber,LoanN_SC>0),S_Percent,IF(AND(IsSC="Y",S_MO=MO,LoanN_SC=0),S_Percent,0))*LoanAmount -> 0 | I8: =+IF(AND(IsSC="Y",LoanN_SC=LoanNumber,LoanN_SC>0),S_Percent,IF(AND(IsSC="Y",S_MO=MO,LoanN_SC=0),S_Percent,0))*LoanAmount -> 0 | J8: =+IF(AND(IsSC="Y",LoanN_SC=LoanNumber,LoanN_SC>0),S_Percent,IF(AND(IsSC="Y",S_MO=MO,LoanN_SC=0),S_Percent,0))*LoanAmount -> 0 | K8: =+IF(AND(IsSC="Y",LoanN_SC=LoanNumber,LoanN_SC>0),S_Percent,IF(AND(IsSC="Y",S_MO=MO,LoanN_SC=0),S_Percent,0))*LoanAmount -> 0 | L8: =+IF(AND(IsSC="Y",LoanN_SC=LoanNumber,LoanN_SC>0),S_Percent,IF(AND(IsSC="Y",S_MO=MO,LoanN_SC=0),S_Percent,0))*LoanAmount -> 0 | M8: =SUM(G8:L8) -> 0 | N8: ='bid input'!F2
B9: =+'bid input'!B3 -> 1104143 | C9: =+'bid input'!H3 -> 0 | D9: =+'bid input'!I3 -> ABC Mortgage | E9: =+IF('bid input'!O3=1,"Y","N") -> N | F9: =+'bid input'!K3 | G9: =+IF(AND(IsSC="Y",LoanN_SC=LoanNumber,LoanN_SC>0),S_Percent,IF(AND(IsSC="Y",S_MO=MO,LoanN_SC=0),S_Percent,0))*LoanAmount -> 0 | H9: =+IF(AND(IsSC="Y",LoanN_SC=LoanNumber,LoanN_SC>0),S_Percent,IF(AND(IsSC="Y",S_MO=MO,LoanN_SC=0),S_Percent,0))*LoanAmount -> 0 | I9: =+IF(AND(IsSC="Y",LoanN_SC=LoanNumber,LoanN_SC>0),S_Percent,IF(AND(IsSC="Y",S_MO=MO,LoanN_SC=0),S_Percent,0))*LoanAmount -> 0 | J9: =+IF(AND(IsSC="Y",LoanN_SC=LoanNumber,LoanN_SC>0),S_Percent,IF(AND(IsSC="Y",S_MO=MO,LoanN_SC=0),S_Percent,0))*LoanAmount -> 0 | K9: =+IF(AND(IsSC="Y",LoanN_SC=LoanNumber,LoanN_SC>0),S_Percent,IF(AND(IsSC="Y",S_MO=MO,LoanN_SC=0),S_Percent,0))*LoanAmount -> 0 | L9: =+IF(AND(IsSC="Y",LoanN_SC=LoanNumber,LoanN_SC>0),S_Percent,IF(AND(IsSC="Y",S_MO=MO,LoanN_SC=0),S_Percent,0))*LoanAmount -> 0 | M9: =SUM(G9:L9) -> 0 | N9: ='bid input'!F3
B10: =+'bid input'!B4 -> 1104154 | C10: =+'bid input'!H4 -> 0 | D10: =+'bid input'!I4 -> 0 | E10: =+IF('bid input'!O4=1,"Y","N") -> N | F10: =+'bid input'!K4 | G10: =+IF(AND(IsSC="Y",LoanN_SC=LoanNumber,LoanN_SC>0),S_Percent,IF(AND(IsSC="Y",S_MO=MO,LoanN_SC=0),S_Percent,0))*LoanAmount -> 0 | H10: =+IF(AND(IsSC="Y",LoanN_SC=LoanNumber,LoanN_SC>0),S_Percent,IF(AND(IsSC="Y",S_MO=MO,LoanN_SC=0),S_Percent,0))*LoanAmount -> 0 | I10: =+IF(AND(IsSC="Y",LoanN_SC=LoanNumber,LoanN_SC>0),S_Percent,IF(AND(IsSC="Y",S_MO=MO,LoanN_SC=0),S_Percent,0))*LoanAmount -> 0 | J10: =+IF(AND(IsSC="Y",LoanN_SC=LoanNumber,LoanN_SC>0),S_Percent,IF(AND(IsSC="Y",S_MO=MO,LoanN_SC=0),S_Percent,0))*LoanAmount -> 0 | K10: =+IF(AND(IsSC="Y",LoanN_SC=LoanNumber,LoanN_SC>0),S_Percent,IF(AND(IsSC="Y",S_MO=MO,LoanN_SC=0),S_Percent,0))*LoanAmount -> 0 | L10: =+IF(AND(IsSC="Y",LoanN_SC=LoanNumber,LoanN_SC>0),S_Percent,IF(AND(IsSC="Y",S_MO=MO,LoanN_SC=0),S_Percent,0))*LoanAmount -> 0 | M10: =SUM(G10:L10) -> 0 | N10: ='bid input'!F4
B11: =+'bid input'!B5 -> 1104152 | C11: =+'bid input'!H5 -> 0 | D11: =+'bid input'!I5 -> Prime Lending | E11: =+IF('bid input'!O5=1,"Y","N") -> Y | F11: =+'bid input'!K5 | G11: =+IF(AND(IsSC="Y",LoanN_SC=LoanNumber,LoanN_SC>0),S_Percent,IF(AND(IsSC="Y",S_MO=MO,LoanN_SC=0),S_Percent,0))*LoanAmount -> 0 | H11: =+IF(AND(IsSC="Y",LoanN_SC=LoanNumber,LoanN_SC>0),S_Percent,IF(AND(IsSC="Y",S_MO=MO,LoanN_SC=0),S_Percent,0))*LoanAmount -> 0 | I11: =+IF(AND(IsSC="Y",LoanN_SC=LoanNumber,LoanN_SC>0),S_Percent,IF(AND(IsSC="Y",S_MO=MO,LoanN_SC=0),S_Percent,0))*LoanAmount -> 95975 | J11: =+IF(AND(IsSC="Y",LoanN_SC=LoanNumber,LoanN_SC>0),S_Percent,IF(AND(IsSC="Y",S_MO=MO,LoanN_SC=0),S_Percent,0))*LoanAmount -> 105080 | K11: =+IF(AND(IsSC="Y",LoanN_SC=LoanNumber,LoanN_SC>0),S_Percent,IF(AND(IsSC="Y",S_MO=MO,LoanN_SC=0),S_Percent,0))*LoanAmount -> 0 | L11: =+IF(AND(IsSC="Y",LoanN_SC=LoanNumber,LoanN_SC>0),S_Percent,IF(AND(IsSC="Y",S_MO=MO,LoanN_SC=0),S_Percent,0))*LoanAmount -> 0 | M11: =SUM(G11:L11) -> 201055 | N11: ='bid input'!F5
B12: =+'bid input'!B6 -> 1104136 | C12: =+'bid input'!H6 -> 4 | D12: =+'bid input'!I6 -> 0 | E12: =+IF('bid input'!O6=1,"Y","N") -> Y | F12: =+'bid input'!K6 | G12: =+IF(AND(IsSC="Y",LoanN_SC=LoanNumber,LoanN_SC>0),S_Percent,IF(AND(IsSC="Y",S_MO=MO,LoanN_SC=0),S_Percent,0))*LoanAmount -> 0 | H12: =+IF(AND(IsSC="Y",LoanN_SC=LoanNumber,LoanN_SC>0),S_Percent,IF(AND(IsSC="Y",S_MO=MO,LoanN_SC=0),S_Percent,0))*LoanAmount -> 0 | I12: =+IF(AND(IsSC="Y",LoanN_SC=LoanNumber,LoanN_SC>0),S_Percent,IF(AND(IsSC="Y",S_MO=MO,LoanN_SC=0),S_Percent,0))*LoanAmount -> 0 | J12: =+IF(AND(IsSC="Y",LoanN_SC=LoanNumber,LoanN_SC>0),S_Percent,IF(AND(IsSC="Y",S_MO=MO,LoanN_SC=0),S_Percent,0))*LoanAmount -> 105080 | K12: =+IF(AND(IsSC="Y",LoanN_SC=LoanNumber,LoanN_SC>0),S_Percent,IF(AND(IsSC="Y",S_MO=MO,LoanN_SC=0),S_Percent,0))*LoanAmount -> 0 | L12: =+IF(AND(IsSC="Y",LoanN_SC=LoanNumber,LoanN_SC>0),S_Percent,IF(AND(IsSC="Y",S_MO=MO,LoanN_SC=0),S_Percent,0))*LoanAmount -> 0 | M12: =SUM(G12:L12) -> 105080 | N12: ='bid input'!F6
B13: =+'bid input'!B7 -> 1104138 | C13: =+'bid input'!H7 -> 0 | D13: =+'bid input'!I7 -> 0 | E13: =+IF('bid input'!O7=1,"Y","N") -> N | F13: =+'bid input'!K7 | G13: =+IF(AND(IsSC="Y",LoanN_SC=LoanNumber,LoanN_SC>0),S_Percent,IF(AND(IsSC="Y",S_MO=MO,LoanN_SC=0),S_Percent,0))*LoanAmount -> 0 | H13: =+IF(AND(IsSC="Y",LoanN_SC=LoanNumber,LoanN_SC>0),S_Percent,IF(AND(IsSC="Y",S_MO=MO,LoanN_SC=0),S_Percent,0))*LoanAmount -> 0 | I13: =+IF(AND(IsSC="Y",LoanN_SC=LoanNumber,LoanN_SC>0),S_Percent,IF(AND(IsSC="Y",S_MO=MO,LoanN_SC=0),S_Percent,0))*LoanAmount -> 0 | J13: =+IF(AND(IsSC="Y",LoanN_SC=LoanNumber,LoanN_SC>0),S_Percent,IF(AND(IsSC="Y",S_MO=MO,LoanN_SC=0),S_Percent,0))*LoanAmount -> 0 | K13: =+IF(AND(IsSC="Y",LoanN_SC=LoanNumber,LoanN_SC>0),S_Percent,IF(AND(IsSC="Y",S_MO=MO,LoanN_SC=0),S_Percent,0))*LoanAmount -> 0 | L13: =+IF(AND(IsSC="Y",LoanN_SC=LoanNumber,LoanN_SC>0),S_Percent,IF(AND(IsSC="Y",S_MO=MO,LoanN_SC=0),S_Percent,0))*LoanAmount -> 0 | M13: =SUM(G13:L13) -> 0 | N13: ='bid input'!F7
B14: =+'bid input'!B8 -> 1104139 | C14: =+'bid input'!H8 -> 0 | D14: =+'bid input'!I8 -> 0 | E14: =+IF('bid input'!O8=1,"Y","N") -> N | F14: =+'bid input'!K8 | G14: =+IF(AND(IsSC="Y",LoanN_SC=LoanNumber,LoanN_SC>0),S_Percent,IF(AND(IsSC="Y",S_MO=MO,LoanN_SC=0),S_Percent,0))*LoanAmount -> 0 | H14: =+IF(AND(IsSC="Y",LoanN_SC=LoanNumber,LoanN_SC>0),S_Percent,IF(AND(IsSC="Y",S_MO=MO,LoanN_SC=0),S_Percent,0))*LoanAmount -> 0 | I14: =+IF(AND(IsSC="Y",LoanN_SC=LoanNumber,LoanN_SC>0),S_Percent,IF(AND(IsSC="Y",S_MO=MO,LoanN_SC=0),S_Percent,0))*LoanAmount -> 0 | J14: =+IF(AND(IsSC="Y",LoanN_SC=LoanNumber,LoanN_SC>0),S_Percent,IF(AND(IsSC="Y",S_MO=MO,LoanN_SC=0),S_Percent,0))*LoanAmount -> 0 | K14: =+IF(AND(IsSC="Y",LoanN_SC=LoanNumber,LoanN_SC>0),S_Percent,IF(AND(IsSC="Y",S_MO=MO,LoanN_SC=0),S_Percent,0))*LoanAmount -> 0 | L14: =+IF(AND(IsSC="Y",LoanN_SC=LoanNumber,LoanN_SC>0),S_Percent,IF(AND(IsSC="Y",S_MO=MO,LoanN_SC=0),S_Percent,0))*LoanAmount -> 0 | M14: =SUM(G14:L14) -> 0 | N14: ='bid input'!F8
B15: =+'bid input'!B9 -> 1104140 | C15: =+'bid input'!H9 -> 5 | D15: =+'bid input'!I9 -> 0 | E15: =+IF('bid input'!O9=1,"Y","N") -> Y | F15: =+'bid input'!K9 | G15: =+IF(AND(IsSC="Y",LoanN_SC=LoanNumber,LoanN_SC>0),S_Percent,IF(AND(IsSC="Y",S_MO=MO,LoanN_SC=0),S_Percent,0))*LoanAmount -> 0 | H15: =+IF(AND(IsSC="Y",LoanN_SC=LoanNumber,LoanN_SC>0),S_Percent,IF(AND(IsSC="Y",S_MO=MO,LoanN_SC=0),S_Percent,0))*LoanAmount -> 0 | I15: =+IF(AND(IsSC="Y",LoanN_SC=LoanNumber,LoanN_SC>0),S_Percent,IF(AND(IsSC="Y",S_MO=MO,LoanN_SC=0),S_Percent,0))*LoanAmount -> 0 | J15: =+IF(AND(IsSC="Y",LoanN_SC=LoanNumber,LoanN_SC>0),S_Percent,IF(AND(IsSC="Y",S_MO=MO,LoanN_SC=0),S_Percent,0))*LoanAmount -> 0 | K15: =+IF(AND(IsSC="Y",LoanN_SC=LoanNumber,LoanN_SC>0),S_Percent,IF(AND(IsSC="Y",S_MO=MO,LoanN_SC=0),S_Percent,0))*LoanAmount -> 103085 | L15: =+IF(AND(IsSC="Y",LoanN_SC=LoanNumber,LoanN_SC>0),S_Percent,IF(AND(IsSC="Y",S_MO=MO,LoanN_SC=0),S_Percent,0))*LoanAmount -> 0 | M15: =SUM(G15:L15) -> 103085 | N15: ='bid input'!F9
B16: =+'bid input'!B10 -> 1104141 | C16: =+'bid input'!H10 -> 0 | D16: =+'bid input'!I10 -> 0 | E16: =+IF('bid input'!O10=1,"Y","N") -> N | F16: =+'bid input'!K10 | G16: =+IF(AND(IsSC="Y",LoanN_SC=LoanNumber,LoanN_SC>0),S_Percent,IF(AND(IsSC="Y",S_MO=MO,LoanN_SC=0),S_Percent,0))*LoanAmount -> 0 | H16: =+IF(AND(IsSC="Y",LoanN_SC=LoanNumber,LoanN_SC>0),S_Percent,IF(AND(IsSC="Y",S_MO=MO,LoanN_SC=0),S_Percent,0))*LoanAmount -> 0 | I16: =+IF(AND(IsSC="Y",LoanN_SC=LoanNumber,LoanN_SC>0),S_Percent,IF(AND(IsSC="Y",S_MO=MO,LoanN_SC=0),S_Percent,0))*LoanAmount -> 0 | J16: =+IF(AND(IsSC="Y",LoanN_SC=LoanNumber,LoanN_SC>0),S_Percent,IF(AND(IsSC="Y",S_MO=MO,LoanN_SC=0),S_Percent,0))*LoanAmount -> 0 | K16: =+IF(AND(IsSC="Y",LoanN_SC=LoanNumber,LoanN_SC>0),S_Percent,IF(AND(IsSC="Y",S_MO=MO,LoanN_SC=0),S_Percent,0))*LoanAmount -> 0 | L16: =+IF(AND(IsSC="Y",LoanN_SC=LoanNumber,LoanN_SC>0),S_Percent,IF(AND(IsSC="Y",S_MO=MO,LoanN_SC=0),S_Percent,0))*LoanAmount -> 0 | M16: =SUM(G16:L16) -> 0 | N16: ='bid input'!F10
B17: =+'bid input'!B11 -> 1104159 | C17: =+'bid input'!H11 -> 1 | D17: =+'bid input'!I11 -> 0 | E17: =+IF('bid input'!O11=1,"Y","N") -> N | F17: =+'bid input'!K11 | G17: =+IF(AND(IsSC="Y",LoanN_SC=LoanNumber,LoanN_SC>0),S_Percent,IF(AND(IsSC="Y",S_MO=MO,LoanN_SC=0),S_Percent,0))*LoanAmount -> 0 | H17: =+IF(AND(IsSC="Y",LoanN_SC=LoanNumber,LoanN_SC>0),S_Percent,IF(AND(IsSC="Y",S_MO=MO,LoanN_SC=0),S_Percent,0))*LoanAmount -> 0 | I17: =+IF(AND(IsSC="Y",LoanN_SC=LoanNumber,LoanN_SC>0),S_Percent,IF(AND(IsSC="Y",S_MO=MO,LoanN_SC=0),S_Percent,0))*LoanAmount -> 0 | J17: =+IF(AND(IsSC="Y",LoanN_SC=LoanNumber,LoanN_SC>0),S_Percent,IF(AND(IsSC="Y",S_MO=MO,LoanN_SC=0),S_Percent,0))*LoanAmount -> 0 | K17: =+IF(AND(IsSC="Y",LoanN_SC=LoanNumber,LoanN_SC>0),S_Percent,IF(AND(IsSC="Y",S_MO=MO,LoanN_SC=0),S_Percent,0))*LoanAmount -> 0 | L17: =+IF(AND(IsSC="Y",LoanN_SC=LoanNumber,LoanN_SC>0),S_Percent,IF(AND(IsSC="Y",S_MO=MO,LoanN_SC=0),S_Percent,0))*LoanAmount -> 0 | M17: =SUM(G17:L17) -> 0 | N17: ='bid input'!F11
B18: =+'bid input'!B12 -> 1104161 | C18: =+'bid input'!H12 -> 4 | D18: =+'bid input'!I12 -> 0 | E18: =+IF('bid input'!O12=1,"Y","N") -> N | F18: =+'bid input'!K12 | G18: =+IF(AND(IsSC="Y",LoanN_SC=LoanNumber,LoanN_SC>0),S_Percent,IF(AND(IsSC="Y",S_MO=MO,LoanN_SC=0),S_Percent,0))*LoanAmount -> 0 | H18: =+IF(AND(IsSC="Y",LoanN_SC=LoanNumber,LoanN_SC>0),S_Percent,IF(AND(IsSC="Y",S_MO=MO,LoanN_SC=0),S_Percent,0))*LoanAmount -> 0 | I18: =+IF(AND(IsSC="Y",LoanN_SC=LoanNumber,LoanN_SC>0),S_Percent,IF(AND(IsSC="Y",S_MO=MO,LoanN_SC=0),S_Percent,0))*LoanAmount -> 0 | J18: =+IF(AND(IsSC="Y",LoanN_SC=LoanNumber,LoanN_SC>0),S_Percent,IF(AND(IsSC="Y",S_MO=MO,LoanN_SC=0),S_Percent,0))*LoanAmount -> 0 | K18: =+IF(AND(IsSC="Y",LoanN_SC=LoanNumber,LoanN_SC>0),S_Percent,IF(AND(IsSC="Y",S_MO=MO,LoanN_SC=0),S_Percent,0))*LoanAmount -> 0 | L18: =+IF(AND(IsSC="Y",LoanN_SC=LoanNumber,LoanN_SC>0),S_Percent,IF(AND(IsSC="Y",S_MO=MO,LoanN_SC=0),S_Percent,0))*LoanAmount -> 0 | M18: =SUM(G18:L18) -> 0 | N18: ='bid input'!F12
B19: =+'bid input'!B13 -> 1104145 | C19: =+'bid input'!H13 -> 1 | D19: =+'bid input'!I13 -> 0 | E19: =+IF('bid input'!O13=1,"Y","N") -> Y | F19: =+'bid input'!K13 | G19: =+IF(AND(IsSC="Y",LoanN_SC=LoanNumber,LoanN_SC>0),S_Percent,IF(AND(IsSC="Y",S_MO=MO,LoanN_SC=0),S_Percent,0))*LoanAmount -> 31872.5 | H19: =+IF(AND(IsSC="Y",LoanN_SC=LoanNumber,LoanN_SC>0),S_Percent,IF(AND(IsSC="Y",S_MO=MO,LoanN_SC=0),S_Percent,0))*LoanAmount -> 0 | I19: =+IF(AND(IsSC="Y",LoanN_SC=LoanNumber,LoanN_SC>0),S_Percent,IF(AND(IsSC="Y",S_MO=MO,LoanN_SC=0),S_Percent,0))*LoanAmount -> 0 | J19: =+IF(AND(IsSC="Y",LoanN_SC=LoanNumber,LoanN_SC>0),S_Percent,IF(AND(IsSC="Y",S_MO=MO,LoanN_SC=0),S_Percent,0))*LoanAmount -> 0 | K19: =+IF(AND(IsSC="Y",LoanN_SC=LoanNumber,LoanN_SC>0),S_Percent,IF(AND(IsSC="Y",S_MO=MO,LoanN_SC=0),S_Percent,0))*LoanAmount -> 0 | L19: =+IF(AND(IsSC="Y",LoanN_SC=LoanNumber,LoanN_SC>0),S_Percent,IF(AND(IsSC="Y",S_MO=MO,LoanN_SC=0),S_Percent,0))*LoanAmount -> 0 | M19: =SUM(G19:L19) -> 31872.5 | N19: ='bid input'!F13
... B27: =+'bid input'!B21 -> 1104158 | C27: =+'bid input'!H21 -> 1 | D27: =+'bid input'!I21 -> 0 | E27: =+IF('bid input'!O21=1,"Y","N") -> Y | F27: =+'bid input'!K21 | G27: =+IF(AND(IsSC="Y",LoanN_SC=LoanNumber,LoanN_SC>0),S_Percent,IF(AND(IsSC="Y",S_MO=MO,LoanN_SC=0),S_Percent,0))*LoanAmount -> 63745 | H27: =+IF(AND(IsSC="Y",LoanN_SC=LoanNumber,LoanN_SC>0),S_Percent,IF(AND(IsSC="Y",S_MO=MO,LoanN_SC=0),S_Percent,0))*LoanAmount -> 0 | I27: =+IF(AND(IsSC="Y",LoanN_SC=LoanNumber,LoanN_SC>0),S_Percent,IF(AND(IsSC="Y",S_MO=MO,LoanN_SC=0),S_Percent,0))*LoanAmount -> 0 | J27: =+IF(AND(IsSC="Y",LoanN_SC=LoanNumber,LoanN_SC>0),S_Percent,IF(AND(IsSC="Y",S_MO=MO,LoanN_SC=0),S_Percent,0))*LoanAmount -> 0 | K27: =+IF(AND(IsSC="Y",LoanN_SC=LoanNumber,LoanN_SC>0),S_Percent,IF(AND(IsSC="Y",S_MO=MO,LoanN_SC=0),S_Percent,0))*LoanAmount -> 0 | L27: =+IF(AND(IsSC="Y",LoanN_SC=LoanNumber,LoanN_SC>0),S_Percent,IF(AND(IsSC="Y",S_MO=MO,LoanN_SC=0),S_Percent,0))*LoanAmount -> 0 | M27: =SUM(G27:L27) -> 63745 | N27: ='bid input'!F21
B29: =+'bid input'!B2 -> 1104134 | F29: =+'bid input'!K2 | G29: =IF($M8<'bid input'!$M2,G8, 'bid input'!$M2*G8/$M8) -> 0 | H29: =IF($M8<'bid input'!$M2,H8, 'bid input'!$M2*H8/$M8) -> 0 | I29: =IF($M8<'bid input'!$M2,I8, 'bid input'!$M2*I8/$M8) -> 0 | J29: =IF($M8<'bid input'!$M2,J8, 'bid input'!$M2*J8/$M8) -> 0 | K29: =IF($M8<'bid input'!$M2,K8, 'bid input'!$M2*K8/$M8) -> 0 | L29: =IF($M8<'bid input'!$M2,L8, 'bid input'!$M2*L8/$M8) -> 0 | M29: =SUM(G29:L29) -> 0
B30: =+'bid input'!B3 -> 1104143 | F30: =+'bid input'!K3 | G30: =IF($M9<'bid input'!$M3,G9, 'bid input'!$M3*G9/$M9) -> 0 | H30: =IF($M9<'bid input'!$M3,H9, 'bid input'!$M3*H9/$M9) -> 0 | I30: =IF($M9<'bid input'!$M3,I9, 'bid input'!$M3*I9/$M9) -> 0 | J30: =IF($M9<'bid input'!$M3,J9, 'bid input'!$M3*J9/$M9) -> 0 | K30: =IF($M9<'bid input'!$M3,K9, 'bid input'!$M3*K9/$M9) -> 0 | L30: =IF($M9<'bid input'!$M3,L9, 'bid input'!$M3*L9/$M9) -> 0 | M30: =SUM(G30:L30) -> 0
B31: =+'bid input'!B4 -> 1104154 | F31: =+'bid input'!K4 | G31: =IF($M10<'bid input'!$M4,G10, 'bid input'!$M4*G10/$M10) -> 0 | H31: =IF($M10<'bid input'!$M4,H10, 'bid input'!$M4*H10/$M10) -> 0 | I31: =IF($M10<'bid input'!$M4,I10, 'bid input'!$M4*I10/$M10) -> 0 | J31: =IF($M10<'bid input'!$M4,J10, 'bid input'!$M4*J10/$M10) -> 0 | K31: =IF($M10<'bid input'!$M4,K10, 'bid input'!$M4*K10/$M10) -> 0 | L31: =IF($M10<'bid input'!$M4,L10, 'bid input'!$M4*L10/$M10) -> 0 | M31: =SUM(G31:L31) -> 0
B32: =+'bid input'!B5 -> 1104152 | F32: =+'bid input'!K5 | G32: =IF($M11<'bid input'!$M5,G11, 'bid input'!$M5*G11/$M11) -> 0 | H32: =IF($M11<'bid input'!$M5,H11, 'bid input'!$M5*H11/$M11) -> 0 | I32: =IF($M11<'bid input'!$M5,I11, 'bid input'!$M5*I11/$M11) -> 95975 | J32: =IF($M11<'bid input'!$M5,J11, 'bid input'!$M5*J11/$M11) -> 105080 | K32: =IF($M11<'bid input'!$M5,K11, 'bid input'!$M5*K11/$M11) -> 0 | L32: =IF($M11<'bid input'!$M5,L11, 'bid input'!$M5*L11/$M11) -> 0 | M32: =SUM(G32:L32) -> 201055
B33: =+'bid input'!B6 -> 1104136 | F33: =+'bid input'!K6 | G33: =IF($M12<'bid input'!$M6,G12, 'bid input'!$M6*G12/$M12) -> 0 | H33: =IF($M12<'bid input'!$M6,H12, 'bid input'!$M6*H12/$M12) -> 0 | I33: =IF($M12<'bid input'!$M6,I12, 'bid input'!$M6*I12/$M12) -> 0 | J33: =IF($M12<'bid input'!$M6,J12, 'bid input'!$M6*J12/$M12) -> 105080 | K33: =IF($M12<'bid input'!$M6,K12, 'bid input'!$M6*K12/$M12) -> 0 | L33: =IF($M12<'bid input'!$M6,L12, 'bid input'!$M6*L12/$M12) -> 0 | M33: =SUM(G33:L33) -> 105080
B34: =+'bid input'!B7 -> 1104138 | F34: =+'bid input'!K7 | G34: =IF($M13<'bid input'!$M7,G13, 'bid input'!$M7*G13/$M13) -> 0 | H34: =IF($M13<'bid input'!$M7,H13, 'bid input'!$M7*H13/$M13) -> 0 | I34: =IF($M13<'bid input'!$M7,I13, 'bid input'!$M7*I13/$M13) -> 0 | J34: =IF($M13<'bid input'!$M7,J13, 'bid input'!$M7*J13/$M13) -> 0 | K34: =IF($M13<'bid input'!$M7,K13, 'bid input'!$M7*K13/$M13) -> 0 | L34: =IF($M13<'bid input'!$M7,L13, 'bid input'!$M7*L13/$M13) -> 0 | M34: =SUM(G34:L34) -> 0
B35: =+'bid input'!B8 -> 1104139 | F35: =+'bid input'!K8 | G35: =IF($M14<'bid input'!$M8,G14, 'bid input'!$M8*G14/$M14) -> 0 | H35: =IF($M14<'bid input'!$M8,H14, 'bid input'!$M8*H14/$M14) -> 0 | I35: =IF($M14<'bid input'!$M8,I14, 'bid input'!$M8*I14/$M14) -> 0 | J35: =IF($M14<'bid input'!$M8,J14, 'bid input'!$M8*J14/$M14) -> 0 | K35: =IF($M14<'bid input'!$M8,K14, 'bid input'!$M8*K14/$M14) -> 0 | L35: =IF($M14<'bid input'!$M8,L14, 'bid input'!$M8*L14/$M14) -> 0 | M35: =SUM(G35:L35) -> 0
B36: =+'bid input'!B9 -> 1104140 | F36: =+'bid input'!K9 | G36: =IF($M15<'bid input'!$M9,G15, 'bid input'!$M9*G15/$M15) -> 0 | H36: =IF($M15<'bid input'!$M9,H15, 'bid input'!$M9*H15/$M15) -> 0 | I36: =IF($M15<'bid input'!$M9,I15, 'bid input'!$M9*I15/$M15) -> 0 | J36: =IF($M15<'bid input'!$M9,J15, 'bid input'!$M9*J15/$M15) -> 0 | K36: =IF($M15<'bid input'!$M9,K15, 'bid input'!$M9*K15/$M15) -> 74000 | L36: =IF($M15<'bid input'!$M9,L15, 'bid input'!$M9*L15/$M15) -> 0 | M36: =SUM(G36:L36) -> 74000
B37: =+'bid input'!B10 -> 1104141 | F37: =+'bid input'!K10 | G37: =IF($M16<'bid input'!$M10,G16, 'bid input'!$M10*G16/$M16) -> 0 | H37: =IF($M16<'bid input'!$M10,H16, 'bid input'!$M10*H16/$M16) -> 0 | I37: =IF($M16<'bid input'!$M10,I16, 'bid input'!$M10*I16/$M16) -> 0 | J37: =IF($M16<'bid input'!$M10,J16, 'bid input'!$M10*J16/$M16) -> 0 | K37: =IF($M16<'bid input'!$M10,K16, 'bid input'!$M10*K16/$M16) -> 0 | L37: =IF($M16<'bid input'!$M10,L16, 'bid input'!$M10*L16/$M16) -> 0 | M37: =SUM(G37:L37) -> 0
B38: =+'bid input'!B11 -> 1104159 | F38: =+'bid input'!K11 | G38: =IF($M17<'bid input'!$M11,G17, 'bid input'!$M11*G17/$M17) -> 0 | H38: =IF($M17<'bid input'!$M11,H17, 'bid input'!$M11*H17/$M17) -> 0 | I38: =IF($M17<'bid input'!$M11,I17, 'bid input'!$M11*I17/$M17) -> 0 | J38: =IF($M17<'bid input'!$M11,J17, 'bid input'!$M11*J17/$M17) -> 0 | K38: =IF($M17<'bid input'!$M11,K17, 'bid input'!$M11*K17/$M17) -> 0 | L38: =IF($M17<'bid input'!$M11,L17, 'bid input'!$M11*L17/$M17) -> 0 | M38: =SUM(G38:L38) -> 0
B39: =+'bid input'!B12 -> 1104161 | F39: =+'bid input'!K12 | G39: =IF($M18<'bid input'!$M12,G18, 'bid input'!$M12*G18/$M18) -> 0 | H39: =IF($M18<'bid input'!$M12,H18, 'bid input'!$M12*H18/$M18) -> 0 | I39: =IF($M18<'bid input'!$M12,I18, 'bid input'!$M12*I18/$M18) -> 0 | J39: =IF($M18<'bid input'!$M12,J18, 'bid input'!$M12*J18/$M18) -> 0 | K39: =IF($M18<'bid input'!$M12,K18, 'bid input'!$M12*K18/$M18) -> 0 | L39: =IF($M18<'bid input'!$M12,L18, 'bid input'!$M12*L18/$M18) -> 0 | M39: =SUM(G39:L39) -> 0
B40: =+'bid input'!B13 -> 1104145 | F40: =+'bid input'!K13 | G40: =IF($M19<'bid input'!$M13,G19, 'bid input'!$M13*G19/$M19) -> 31872.5 | H40: =IF($M19<'bid input'!$M13,H19, 'bid input'!$M13*H19/$M19) -> 0 | I40: =IF($M19<'bid input'!$M13,I19, 'bid input'!$M13*I19/$M19) -> 0 | J40: =IF($M19<'bid input'!$M13,J19, 'bid input'!$M13*J19/$M19) -> 0 | K40: =IF($M19<'bid input'!$M13,K19, 'bid input'!$M13*K19/$M19) -> 0 | L40: =IF($M19<'bid input'!$M13,L19, 'bid input'!$M13*L19/$M19) -> 0 | M40: =SUM(G40:L40) -> 31872.5
... B48: =+'bid input'!B21 -> 1104158 | F48: =+'bid input'!K21 | G48: =IF($M27<'bid input'!$M21,G27, 'bid input'!$M21*G27/$M27) -> 63745 | H48: =IF($M27<'bid input'!$M21,H27, 'bid input'!$M21*H27/$M27) -> 0 | I48: =IF($M27<'bid input'!$M21,I27, 'bid input'!$M21*I27/$M27) -> 0 | J48: =IF($M27<'bid input'!$M21,J27, 'bid input'!$M21*J27/$M27) -> 0 | K48: =IF($M27<'bid input'!$M21,K27, 'bid input'!$M21*K27/$M27) -> 0 | L48: =IF($M27<'bid input'!$M21,L27, 'bid input'!$M21*L27/$M27) -> 0 | M48: =SUM(G48:L48) -> 63745
D50: Total Specified/Competitive | G50: =SUM(G29:G49) -> 95617.5 | H50: =SUM(H29:H49) -> 0 | I50: =SUM(I29:I49) -> 95975 | J50: =SUM(J29:J49) -> 315240 | K50: =SUM(K29:K49) -> 177085 | L50: =SUM(L29:L49) -> 0 | M50: =SUM(G50:L50) -> 683917.5
D51: WA Rate | G51: =+IF(G50>0,SUMPRODUCT($F$29:$F$48,G$29:G$48)/G$50,"") -> 0.02 | H51: =+IF(H50>0,SUMPRODUCT($F$29:$F$48,H$29:H$48)/H$50,"") | I51: =+IF(I50>0,SUMPRODUCT($F$29:$F$48,I$29:I$48)/I$50,"") -> 0.03 | J51: =+IF(J50>0,SUMPRODUCT($F$29:$F$48,J$29:J$48)/J$50,"") -> 0.043333333 | K51: =+IF(K50>0,SUMPRODUCT($F$29:$F$48,K$29:K$48)/K$50,"") -> 0.022817044 | L51: =+IF(L50>0,SUMPRODUCT($F$29:$F$48,L$29:L$48)/L$50,"") | M51: =+SUMPRODUCT(G50:L50,G51:L51)/M50 -> 0.032887821
D53: Remaining need | G53: =+G4-G50 -> 223107.5 | H53: =+H4-H50 -> 375685 | I53: =+I4-I50 -> 383900 | J53: =+J4-J50 -> 210160 | K53: =+K4-K50 -> 338340 | L53: =+L4-L50 -> 485000 | M53: =SUM(G53:L53) -> 2016192.5
D54: Over(under)subscribed | G54: =+IF(G53=0,"NA",IF(G53<0,"OVER","UNDER")) -> UNDER | H54: =+IF(H53=0,"NA",IF(H53<0,"OVER","UNDER")) -> UNDER | I54: =+IF(I53=0,"NA",IF(I53<0,"OVER","UNDER")) -> UNDER | J54: =+IF(J53=0,"NA",IF(J53<0,"OVER","UNDER")) -> UNDER | K54: =+IF(K53=0,"NA",IF(K53<0,"OVER","UNDER")) -> UNDER | L54: =+IF(L53=0,"NA",IF(L53<0,"OVER","UNDER")) -> UNDER | M54: =+IF(M53=0,"NA",IF(M53<0,"OVER","UNDER")) -> UNDER
A56: Step 3 of process - Assets are assigned Specified/Non Competitive bids:
B57: Bid ID | C57: Loan # | D57: MO | E57: Specific & NonCompetitive? | F57: Rate >> | G57: 0.035 | H57: =+G57 | I57: =+H57 | J57: =+I57 | K57: =+J57 | L57: =+K57
B58: =+B8 -> 1104134 | C58: =+C8 -> 0 | D58: =+D8 -> 0 | E58: =+IF('bid input'!P2=1,"Y","N") -> N | G58: =+IF(AND(IsSNC="Y",LoanN_SNC=LoanNumber,LoanN_SNC>0),SN_Percent,IF(AND(IsSNC="Y",SN_MO=MO,LoanN_SNC=0),SN_Percent,0))*LoanAmount -> 0 | H58: =+IF(AND(IsSNC="Y",LoanN_SNC=LoanNumber,LoanN_SNC>0),SN_Percent,IF(AND(IsSNC="Y",SN_MO=MO,LoanN_SNC=0),SN_Percent,0))*LoanAmount -> 0 | I58: =+IF(AND(IsSNC="Y",LoanN_SNC=LoanNumber,LoanN_SNC>0),SN_Percent,IF(AND(IsSNC="Y",SN_MO=MO,LoanN_SNC=0),SN_Percent,0))*LoanAmount -> 0 | J58: =+IF(AND(IsSNC="Y",LoanN_SNC=LoanNumber,LoanN_SNC>0),SN_Percent,IF(AND(IsSNC="Y",SN_MO=MO,LoanN_SNC=0),SN_Percent,0))*LoanAmount -> 0 | K58: =+IF(AND(IsSNC="Y",LoanN_SNC=LoanNumber,LoanN_SNC>0),SN_Percent,IF(AND(IsSNC="Y",SN_MO=MO,LoanN_SNC=0),SN_Percent,0))*LoanAmount -> 0 | L58: =+IF(AND(IsSNC="Y",LoanN_SNC=LoanNumber,LoanN_SNC>0),SN_Percent,IF(AND(IsSNC="Y",SN_MO=MO,LoanN_SNC=0),SN_Percent,0))*LoanAmount -> 0 | M58: =SUM(G58:L58) -> 0 | N58: =N8
B59: =+B9 -> 1104143 | C59: =+C9 -> 0 | D59: =+D9 -> ABC Mortgage | E59: =+IF('bid input'!P3=1,"Y","N") -> Y | G59: =+IF(AND(IsSNC="Y",LoanN_SNC=LoanNumber,LoanN_SNC>0),SN_Percent,IF(AND(IsSNC="Y",SN_MO=MO,LoanN_SNC=0),SN_Percent,0))*LoanAmount -> 63745 | H59: =+IF(AND(IsSNC="Y",LoanN_SNC=LoanNumber,LoanN_SNC>0),SN_Percent,IF(AND(IsSNC="Y",SN_MO=MO,LoanN_SNC=0),SN_Percent,0))*LoanAmount -> 75137 | I59: =+IF(AND(IsSNC="Y",LoanN_SNC=LoanNumber,LoanN_SNC>0),SN_Percent,IF(AND(IsSNC="Y",SN_MO=MO,LoanN_SNC=0),SN_Percent,0))*LoanAmount -> 0 | J59: =+IF(AND(IsSNC="Y",LoanN_SNC=LoanNumber,LoanN_SNC>0),SN_Percent,IF(AND(IsSNC="Y",SN_MO=MO,LoanN_SNC=0),SN_Percent,0))*LoanAmount -> 0 | K59: =+IF(AND(IsSNC="Y",LoanN_SNC=LoanNumber,LoanN_SNC>0),SN_Percent,IF(AND(IsSNC="Y",SN_MO=MO,LoanN_SNC=0),SN_Percent,0))*LoanAmount -> 0 | L59: =+IF(AND(IsSNC="Y",LoanN_SNC=LoanNumber,LoanN_SNC>0),SN_Percent,IF(AND(IsSNC="Y",SN_MO=MO,LoanN_SNC=0),SN_Percent,0))*LoanAmount -> 0 | M59: =SUM(G59:L59) -> 138882 | N59: =N9
B60: =+B10 -> 1104154 | C60: =+C10 -> 0 | D60: =+D10 -> 0 | E60: =+IF('bid input'!P4=1,"Y","N") -> N | G60: =+IF(AND(IsSNC="Y",LoanN_SNC=LoanNumber,LoanN_SNC>0),SN_Percent,IF(AND(IsSNC="Y",SN_MO=MO,LoanN_SNC=0),SN_Percent,0))*LoanAmount -> 0 | H60: =+IF(AND(IsSNC="Y",LoanN_SNC=LoanNumber,LoanN_SNC>0),SN_Percent,IF(AND(IsSNC="Y",SN_MO=MO,LoanN_SNC=0),SN_Percent,0))*LoanAmount -> 0 | I60: =+IF(AND(IsSNC="Y",LoanN_SNC=LoanNumber,LoanN_SNC>0),SN_Percent,IF(AND(IsSNC="Y",SN_MO=MO,LoanN_SNC=0),SN_Percent,0))*LoanAmount -> 0 | J60: =+IF(AND(IsSNC="Y",LoanN_SNC=LoanNumber,LoanN_SNC>0),SN_Percent,IF(AND(IsSNC="Y",SN_MO=MO,LoanN_SNC=0),SN_Percent,0))*LoanAmount -> 0 | K60: =+IF(AND(IsSNC="Y",LoanN_SNC=LoanNumber,LoanN_SNC>0),SN_Percent,IF(AND(IsSNC="Y",SN_MO=MO,LoanN_SNC=0),SN_Percent,0))*LoanAmount -> 0 | L60: =+IF(AND(IsSNC="Y",LoanN_SNC=LoanNumber,LoanN_SNC>0),SN_Percent,IF(AND(IsSNC="Y",SN_MO=MO,LoanN_SNC=0),SN_Percent,0))*LoanAmount -> 0 | M60: =SUM(G60:L60) -> 0 | N60: =N10
B61: =+B11 -> 1104152 | C61: =+C11 -> 0 | D61: =+D11 -> Prime Lending | E61: =+IF('bid input'!P5=1,"Y","N") -> N | G61: =+IF(AND(IsSNC="Y",LoanN_SNC=LoanNumber,LoanN_SNC>0),SN_Percent,IF(AND(IsSNC="Y",SN_MO=MO,LoanN_SNC=0),SN_Percent,0))*LoanAmount -> 0 | H61: =+IF(AND(IsSNC="Y",LoanN_SNC=LoanNumber,LoanN_SNC>0),SN_Percent,IF(AND(IsSNC="Y",SN_MO=MO,LoanN_SNC=0),SN_Percent,0))*LoanAmount -> 0 | I61: =+IF(AND(IsSNC="Y",LoanN_SNC=LoanNumber,LoanN_SNC>0),SN_Percent,IF(AND(IsSNC="Y",SN_MO=MO,LoanN_SNC=0),SN_Percent,0))*LoanAmount -> 0 | J61: =+IF(AND(IsSNC="Y",LoanN_SNC=LoanNumber,LoanN_SNC>0),SN_Percent,IF(AND(IsSNC="Y",SN_MO=MO,LoanN_SNC=0),SN_Percent,0))*LoanAmount -> 0 | K61: =+IF(AND(IsSNC="Y",LoanN_SNC=LoanNumber,LoanN_SNC>0),SN_Percent,IF(AND(IsSNC="Y",SN_MO=MO,LoanN_SNC=0),SN_Percent,0))*LoanAmount -> 0 | L61: =+IF(AND(IsSNC="Y",LoanN_SNC=LoanNumber,LoanN_SNC>0),SN_Percent,IF(AND(IsSNC="Y",SN_MO=MO,LoanN_SNC=0),SN_Percent,0))*LoanAmount -> 0 | M61: =SUM(G61:L61) -> 0 | N61: =N11
B62: =+B12 -> 1104136 | C62: =+C12 -> 4 | D62: =+D12 -> 0 | E62: =+IF('bid input'!P6=1,"Y","N") -> N | G62: =+IF(AND(IsSNC="Y",LoanN_SNC=LoanNumber,LoanN_SNC>0),SN_Percent,IF(AND(IsSNC="Y",SN_MO=MO,LoanN_SNC=0),SN_Percent,0))*LoanAmount -> 0 | H62: =+IF(AND(IsSNC="Y",LoanN_SNC=LoanNumber,LoanN_SNC>0),SN_Percent,IF(AND(IsSNC="Y",SN_MO=MO,LoanN_SNC=0),SN_Percent,0))*LoanAmount -> 0 | I62: =+IF(AND(IsSNC="Y",LoanN_SNC=LoanNumber,LoanN_SNC>0),SN_Percent,IF(AND(IsSNC="Y",SN_MO=MO,LoanN_SNC=0),SN_Percent,0))*LoanAmount -> 0 | J62: =+IF(AND(IsSNC="Y",LoanN_SNC=LoanNumber,LoanN_SNC>0),SN_Percent,IF(AND(IsSNC="Y",SN_MO=MO,LoanN_SNC=0),SN_Percent,0))*LoanAmount -> 0 | K62: =+IF(AND(IsSNC="Y",LoanN_SNC=LoanNumber,LoanN_SNC>0),SN_Percent,IF(AND(IsSNC="Y",SN_MO=MO,LoanN_SNC=0),SN_Percent,0))*LoanAmount -> 0 | L62: =+IF(AND(IsSNC="Y",LoanN_SNC=LoanNumber,LoanN_SNC>0),SN_Percent,IF(AND(IsSNC="Y",SN_MO=MO,LoanN_SNC=0),SN_Percent,0))*LoanAmount -> 0 | M62: =SUM(G62:L62) -> 0 | N62: =N12
B63: =+B13 -> 1104138 | C63: =+C13 -> 0 | D63: =+D13 -> 0 | E63: =+IF('bid input'!P7=1,"Y","N") -> N | G63: =+IF(AND(IsSNC="Y",LoanN_SNC=LoanNumber,LoanN_SNC>0),SN_Percent,IF(AND(IsSNC="Y",SN_MO=MO,LoanN_SNC=0),SN_Percent,0))*LoanAmount -> 0 | H63: =+IF(AND(IsSNC="Y",LoanN_SNC=LoanNumber,LoanN_SNC>0),SN_Percent,IF(AND(IsSNC="Y",SN_MO=MO,LoanN_SNC=0),SN_Percent,0))*LoanAmount -> 0 | I63: =+IF(AND(IsSNC="Y",LoanN_SNC=LoanNumber,LoanN_SNC>0),SN_Percent,IF(AND(IsSNC="Y",SN_MO=MO,LoanN_SNC=0),SN_Percent,0))*LoanAmount -> 0 | J63: =+IF(AND(IsSNC="Y",LoanN_SNC=LoanNumber,LoanN_SNC>0),SN_Percent,IF(AND(IsSNC="Y",SN_MO=MO,LoanN_SNC=0),SN_Percent,0))*LoanAmount -> 0 | K63: =+IF(AND(IsSNC="Y",LoanN_SNC=LoanNumber,LoanN_SNC>0),SN_Percent,IF(AND(IsSNC="Y",SN_MO=MO,LoanN_SNC=0),SN_Percent,0))*LoanAmount -> 0 | L63: =+IF(AND(IsSNC="Y",LoanN_SNC=LoanNumber,LoanN_SNC>0),SN_Percent,IF(AND(IsSNC="Y",SN_MO=MO,LoanN_SNC=0),SN_Percent,0))*LoanAmount -> 0 | M63: =SUM(G63:L63) -> 0 | N63: =N13
B64: =+B14 -> 1104139 | C64: =+C14 -> 0 | D64: =+D14 -> 0 | E64: =+IF('bid input'!P8=1,"Y","N") -> N | G64: =+IF(AND(IsSNC="Y",LoanN_SNC=LoanNumber,LoanN_SNC>0),SN_Percent,IF(AND(IsSNC="Y",SN_MO=MO,LoanN_SNC=0),SN_Percent,0))*LoanAmount -> 0 | H64: =+IF(AND(IsSNC="Y",LoanN_SNC=LoanNumber,LoanN_SNC>0),SN_Percent,IF(AND(IsSNC="Y",SN_MO=MO,LoanN_SNC=0),SN_Percent,0))*LoanAmount -> 0 | I64: =+IF(AND(IsSNC="Y",LoanN_SNC=LoanNumber,LoanN_SNC>0),SN_Percent,IF(AND(IsSNC="Y",SN_MO=MO,LoanN_SNC=0),SN_Percent,0))*LoanAmount -> 0 | J64: =+IF(AND(IsSNC="Y",LoanN_SNC=LoanNumber,LoanN_SNC>0),SN_Percent,IF(AND(IsSNC="Y",SN_MO=MO,LoanN_SNC=0),SN_Percent,0))*LoanAmount -> 0 | K64: =+IF(AND(IsSNC="Y",LoanN_SNC=LoanNumber,LoanN_SNC>0),SN_Percent,IF(AND(IsSNC="Y",SN_MO=MO,LoanN_SNC=0),SN_Percent,0))*LoanAmount -> 0 | L64: =+IF(AND(IsSNC="Y",LoanN_SNC=LoanNumber,LoanN_SNC>0),SN_Percent,IF(AND(IsSNC="Y",SN_MO=MO,LoanN_SNC=0),SN_Percent,0))*LoanAmount -> 0 | M64: =SUM(G64:L64) -> 0 | N64: =N14
B65: =+B15 -> 1104140 | C65: =+C15 -> 5 | D65: =+D15 -> 0 | E65: =+IF('bid input'!P9=1,"Y","N") -> N | G65: =+IF(AND(IsSNC="Y",LoanN_SNC=LoanNumber,LoanN_SNC>0),SN_Percent,IF(AND(IsSNC="Y",SN_MO=MO,LoanN_SNC=0),SN_Percent,0))*LoanAmount -> 0 | H65: =+IF(AND(IsSNC="Y",LoanN_SNC=LoanNumber,LoanN_SNC>0),SN_Percent,IF(AND(IsSNC="Y",SN_MO=MO,LoanN_SNC=0),SN_Percent,0))*LoanAmount -> 0 | I65: =+IF(AND(IsSNC="Y",LoanN_SNC=LoanNumber,LoanN_SNC>0),SN_Percent,IF(AND(IsSNC="Y",SN_MO=MO,LoanN_SNC=0),SN_Percent,0))*LoanAmount -> 0 | J65: =+IF(AND(IsSNC="Y",LoanN_SNC=LoanNumber,LoanN_SNC>0),SN_Percent,IF(AND(IsSNC="Y",SN_MO=MO,LoanN_SNC=0),SN_Percent,0))*LoanAmount -> 0 | K65: =+IF(AND(IsSNC="Y",LoanN_SNC=LoanNumber,LoanN_SNC>0),SN_Percent,IF(AND(IsSNC="Y",SN_MO=MO,LoanN_SNC=0),SN_Percent,0))*LoanAmount -> 0 | L65: =+IF(AND(IsSNC="Y",LoanN_SNC=LoanNumber,LoanN_SNC>0),SN_Percent,IF(AND(IsSNC="Y",SN_MO=MO,LoanN_SNC=0),SN_Percent,0))*LoanAmount -> 0 | M65: =SUM(G65:L65) -> 0 | N65: =N15
B66: =+B16 -> 1104141 | C66: =+C16 -> 0 | D66: =+D16 -> 0 | E66: =+IF('bid input'!P10=1,"Y","N") -> N | G66: =+IF(AND(IsSNC="Y",LoanN_SNC=LoanNumber,LoanN_SNC>0),SN_Percent,IF(AND(IsSNC="Y",SN_MO=MO,LoanN_SNC=0),SN_Percent,0))*LoanAmount -> 0 | H66: =+IF(AND(IsSNC="Y",LoanN_SNC=LoanNumber,LoanN_SNC>0),SN_Percent,IF(AND(IsSNC="Y",SN_MO=MO,LoanN_SNC=0),SN_Percent,0))*LoanAmount -> 0 | I66: =+IF(AND(IsSNC="Y",LoanN_SNC=LoanNumber,LoanN_SNC>0),SN_Percent,IF(AND(IsSNC="Y",SN_MO=MO,LoanN_SNC=0),SN_Percent,0))*LoanAmount -> 0 | J66: =+IF(AND(IsSNC="Y",LoanN_SNC=LoanNumber,LoanN_SNC>0),SN_Percent,IF(AND(IsSNC="Y",SN_MO=MO,LoanN_SNC=0),SN_Percent,0))*LoanAmount -> 0 | K66: =+IF(AND(IsSNC="Y",LoanN_SNC=LoanNumber,LoanN_SNC>0),SN_Percent,IF(AND(IsSNC="Y",SN_MO=MO,LoanN_SNC=0),SN_Percent,0))*LoanAmount -> 0 | L66: =+IF(AND(IsSNC="Y",LoanN_SNC=LoanNumber,LoanN_SNC>0),SN_Percent,IF(AND(IsSNC="Y",SN_MO=MO,LoanN_SNC=0),SN_Percent,0))*LoanAmount -> 0 | M66: =SUM(G66:L66) -> 0 | N66: =N16
B67: =+B17 -> 1104159 | C67: =+C17 -> 1 | D67: =+D17 -> 0 | E67: =+IF('bid input'!P11=1,"Y","N") -> Y | G67: =+IF(AND(IsSNC="Y",LoanN_SNC=LoanNumber,LoanN_SNC>0),SN_Percent,IF(AND(IsSNC="Y",SN_MO=MO,LoanN_SNC=0),SN_Percent,0))*LoanAmount -> 63745 | H67: =+IF(AND(IsSNC="Y",LoanN_SNC=LoanNumber,LoanN_SNC>0),SN_Percent,IF(AND(IsSNC="Y",SN_MO=MO,LoanN_SNC=0),SN_Percent,0))*LoanAmount -> 0 | I67: =+IF(AND(IsSNC="Y",LoanN_SNC=LoanNumber,LoanN_SNC>0),SN_Percent,IF(AND(IsSNC="Y",SN_MO=MO,LoanN_SNC=0),SN_Percent,0))*LoanAmount -> 0 | J67: =+IF(AND(IsSNC="Y",LoanN_SNC=LoanNumber,LoanN_SNC>0),SN_Percent,IF(AND(IsSNC="Y",SN_MO=MO,LoanN_SNC=0),SN_Percent,0))*LoanAmount -> 0 | K67: =+IF(AND(IsSNC="Y",LoanN_SNC=LoanNumber,LoanN_SNC>0),SN_Percent,IF(AND(IsSNC="Y",SN_MO=MO,LoanN_SNC=0),SN_Percent,0))*LoanAmount -> 0 | L67: =+IF(AND(IsSNC="Y",LoanN_SNC=LoanNumber,LoanN_SNC>0),SN_Percent,IF(AND(IsSNC="Y",SN_MO=MO,LoanN_SNC=0),SN_Percent,0))*LoanAmount -> 0 | M67: =SUM(G67:L67) -> 63745 | N67: =N17
B68: =+B18 -> 1104161 | C68: =+C18 -> 4 | D68: =+D18 -> 0 | E68: =+IF('bid input'!P12=1,"Y","N") -> Y | G68: =+IF(AND(IsSNC="Y",LoanN_SNC=LoanNumber,LoanN_SNC>0),SN_Percent,IF(AND(IsSNC="Y",SN_MO=MO,LoanN_SNC=0),SN_Percent,0))*LoanAmount -> 0 | H68: =+IF(AND(IsSNC="Y",LoanN_SNC=LoanNumber,LoanN_SNC>0),SN_Percent,IF(AND(IsSNC="Y",SN_MO=MO,LoanN_SNC=0),SN_Percent,0))*LoanAmount -> 0 | I68: =+IF(AND(IsSNC="Y",LoanN_SNC=LoanNumber,LoanN_SNC>0),SN_Percent,IF(AND(IsSNC="Y",SN_MO=MO,LoanN_SNC=0),SN_Percent,0))*LoanAmount -> 0 | J68: =+IF(AND(IsSNC="Y",LoanN_SNC=LoanNumber,LoanN_SNC>0),SN_Percent,IF(AND(IsSNC="Y",SN_MO=MO,LoanN_SNC=0),SN_Percent,0))*LoanAmount -> 105080 | K68: =+IF(AND(IsSNC="Y",LoanN_SNC=LoanNumber,LoanN_SNC>0),SN_Percent,IF(AND(IsSNC="Y",SN_MO=MO,LoanN_SNC=0),SN_Percent,0))*LoanAmount -> 0 | L68: =+IF(AND(IsSNC="Y",LoanN_SNC=LoanNumber,LoanN_SNC>0),SN_Percent,IF(AND(IsSNC="Y",SN_MO=MO,LoanN_SNC=0),SN_Percent,0))*LoanAmount -> 0 | M68: =SUM(G68:L68) -> 105080 | N68: =N18
B69: =+B19 -> 1104145 | C69: =+C19 -> 1 | D69: =+D19 -> 0 | E69: =+IF('bid input'!P13=1,"Y","N") -> N | G69: =+IF(AND(IsSNC="Y",LoanN_SNC=LoanNumber,LoanN_SNC>0),SN_Percent,IF(AND(IsSNC="Y",SN_MO=MO,LoanN_SNC=0),SN_Percent,0))*LoanAmount -> 0 | H69: =+IF(AND(IsSNC="Y",LoanN_SNC=LoanNumber,LoanN_SNC>0),SN_Percent,IF(AND(IsSNC="Y",SN_MO=MO,LoanN_SNC=0),SN_Percent,0))*LoanAmount -> 0 | I69: =+IF(AND(IsSNC="Y",LoanN_SNC=LoanNumber,LoanN_SNC>0),SN_Percent,IF(AND(IsSNC="Y",SN_MO=MO,LoanN_SNC=0),SN_Percent,0))*LoanAmount -> 0 | J69: =+IF(AND(IsSNC="Y",LoanN_SNC=LoanNumber,LoanN_SNC>0),SN_Percent,IF(AND(IsSNC="Y",SN_MO=MO,LoanN_SNC=0),SN_Percent,0))*LoanAmount -> 0 | K69: =+IF(AND(IsSNC="Y",LoanN_SNC=LoanNumber,LoanN_SNC>0),SN_Percent,IF(AND(IsSNC="Y",SN_MO=MO,LoanN_SNC=0),SN_Percent,0))*LoanAmount -> 0 | L69: =+IF(AND(IsSNC="Y",LoanN_SNC=LoanNumber,LoanN_SNC>0),SN_Percent,IF(AND(IsSNC="Y",SN_MO=MO,LoanN_SNC=0),SN_Percent,0))*LoanAmount -> 0 | M69: =SUM(G69:L69) -> 0 | N69: =N19
... B77: =+B27 -> 1104158 | C77: =+C27 -> 1 | D77: =+D27 -> 0 | E77: =+IF('bid input'!P21=1,"Y","N") -> N | G77: =+IF(AND(IsSNC="Y",LoanN_SNC=LoanNumber,LoanN_SNC>0),SN_Percent,IF(AND(IsSNC="Y",SN_MO=MO,LoanN_SNC=0),SN_Percent,0))*LoanAmount -> 0 | H77: =+IF(AND(IsSNC="Y",LoanN_SNC=LoanNumber,LoanN_SNC>0),SN_Percent,IF(AND(IsSNC="Y",SN_MO=MO,LoanN_SNC=0),SN_Percent,0))*LoanAmount -> 0 | I77: =+IF(AND(IsSNC="Y",LoanN_SNC=LoanNumber,LoanN_SNC>0),SN_Percent,IF(AND(IsSNC="Y",SN_MO=MO,LoanN_SNC=0),SN_Percent,0))*LoanAmount -> 0 | J77: =+IF(AND(IsSNC="Y",LoanN_SNC=LoanNumber,LoanN_SNC>0),SN_Percent,IF(AND(IsSNC="Y",SN_MO=MO,LoanN_SNC=0),SN_Percent,0))*LoanAmount -> 0 | K77: =+IF(AND(IsSNC="Y",LoanN_SNC=LoanNumber,LoanN_SNC>0),SN_Percent,IF(AND(IsSNC="Y",SN_MO=MO,LoanN_SNC=0),SN_Percent,0))*LoanAmount -> 0 | L77: =+IF(AND(IsSNC="Y",LoanN_SNC=LoanNumber,LoanN_SNC>0),SN_Percent,IF(AND(IsSNC="Y",SN_MO=MO,LoanN_SNC=0),SN_Percent,0))*LoanAmount -> 0 | M77: =SUM(G77:L77) -> 0 | N77: =N27
B79: =+B8 -> 1104134 | G79: =IF($M58<'bid input'!$M2,G58, 'bid input'!$M2*G58/$M58) -> 0 | H79: =IF($M58<'bid input'!$M2,H58, 'bid input'!$M2*H58/$M58) -> 0 | I79: =IF($M58<'bid input'!$M2,I58, 'bid input'!$M2*I58/$M58) -> 0 | J79: =IF($M58<'bid input'!$M2,J58, 'bid input'!$M2*J58/$M58) -> 0 | K79: =IF($M58<'bid input'!$M2,K58, 'bid input'!$M2*K58/$M58) -> 0 | L79: =IF($M58<'bid input'!$M2,L58, 'bid input'!$M2*L58/$M58) -> 0 | M79: =SUM(G79:L79) -> 0
B80: =+B9 -> 1104143 | G80: =IF($M59<'bid input'!$M3,G59, 'bid input'!$M3*G59/$M59) -> 63745 | H80: =IF($M59<'bid input'!$M3,H59, 'bid input'!$M3*H59/$M59) -> 75137 | I80: =IF($M59<'bid input'!$M3,I59, 'bid input'!$M3*I59/$M59) -> 0 | J80: =IF($M59<'bid input'!$M3,J59, 'bid input'!$M3*J59/$M59) -> 0 | K80: =IF($M59<'bid input'!$M3,K59, 'bid input'!$M3*K59/$M59) -> 0 | L80: =IF($M59<'bid input'!$M3,L59, 'bid input'!$M3*L59/$M59) -> 0 | M80: =SUM(G80:L80) -> 138882
B81: =+B10 -> 1104154 | G81: =IF($M60<'bid input'!$M4,G60, 'bid input'!$M4*G60/$M60) -> 0 | H81: =IF($M60<'bid input'!$M4,H60, 'bid input'!$M4*H60/$M60) -> 0 | I81: =IF($M60<'bid input'!$M4,I60, 'bid input'!$M4*I60/$M60) -> 0 | J81: =IF($M60<'bid input'!$M4,J60, 'bid input'!$M4*J60/$M60) -> 0 | K81: =IF($M60<'bid input'!$M4,K60, 'bid input'!$M4*K60/$M60) -> 0 | L81: =IF($M60<'bid input'!$M4,L60, 'bid input'!$M4*L60/$M60) -> 0 | M81: =SUM(G81:L81) -> 0
B82: =+B11 -> 1104152 | G82: =IF($M61<'bid input'!$M5,G61, 'bid input'!$M5*G61/$M61) -> 0 | H82: =IF($M61<'bid input'!$M5,H61, 'bid input'!$M5*H61/$M61) -> 0 | I82: =IF($M61<'bid input'!$M5,I61, 'bid input'!$M5*I61/$M61) -> 0 | J82: =IF($M61<'bid input'!$M5,J61, 'bid input'!$M5*J61/$M61) -> 0 | K82: =IF($M61<'bid input'!$M5,K61, 'bid input'!$M5*K61/$M61) -> 0 | L82: =IF($M61<'bid input'!$M5,L61, 'bid input'!$M5*L61/$M61) -> 0 | M82: =SUM(G82:L82) -> 0
B83: =+B12 -> 1104136 | G83: =IF($M62<'bid input'!$M6,G62, 'bid input'!$M6*G62/$M62) -> 0 | H83: =IF($M62<'bid input'!$M6,H62, 'bid input'!$M6*H62/$M62) -> 0 | I83: =IF($M62<'bid input'!$M6,I62, 'bid input'!$M6*I62/$M62) -> 0 | J83: =IF($M62<'bid input'!$M6,J62, 'bid input'!$M6*J62/$M62) -> 0 | K83: =IF($M62<'bid input'!$M6,K62, 'bid input'!$M6*K62/$M62) -> 0 | L83: =IF($M62<'bid input'!$M6,L62, 'bid input'!$M6*L62/$M62) -> 0 | M83: =SUM(G83:L83) -> 0
B84: =+B13 -> 1104138 | G84: =IF($M63<'bid input'!$M7,G63, 'bid input'!$M7*G63/$M63) -> 0 | H84: =IF($M63<'bid input'!$M7,H63, 'bid input'!$M7*H63/$M63) -> 0 | I84: =IF($M63<'bid input'!$M7,I63, 'bid input'!$M7*I63/$M63) -> 0 | J84: =IF($M63<'bid input'!$M7,J63, 'bid input'!$M7*J63/$M63) -> 0 | K84: =IF($M63<'bid input'!$M7,K63, 'bid input'!$M7*K63/$M63) -> 0 | L84: =IF($M63<'bid input'!$M7,L63, 'bid input'!$M7*L63/$M63) -> 0 | M84: =SUM(G84:L84) -> 0
B85: =+B14 -> 1104139 | G85: =IF($M64<'bid input'!$M8,G64, 'bid input'!$M8*G64/$M64) -> 0 | H85: =IF($M64<'bid input'!$M8,H64, 'bid input'!$M8*H64/$M64) -> 0 | I85: =IF($M64<'bid input'!$M8,I64, 'bid input'!$M8*I64/$M64) -> 0 | J85: =IF($M64<'bid input'!$M8,J64, 'bid input'!$M8*J64/$M64) -> 0 | K85: =IF($M64<'bid input'!$M8,K64, 'bid input'!$M8*K64/$M64) -> 0 | L85: =IF($M64<'bid input'!$M8,L64, 'bid input'!$M8*L64/$M64) -> 0 | M85: =SUM(G85:L85) -> 0
B86: =+B15 -> 1104140 | G86: =IF($M65<'bid input'!$M9,G65, 'bid input'!$M9*G65/$M65) -> 0 | H86: =IF($M65<'bid input'!$M9,H65, 'bid input'!$M9*H65/$M65) -> 0 | I86: =IF($M65<'bid input'!$M9,I65, 'bid input'!$M9*I65/$M65) -> 0 | J86: =IF($M65<'bid input'!$M9,J65, 'bid input'!$M9*J65/$M65) -> 0 | K86: =IF($M65<'bid input'!$M9,K65, 'bid input'!$M9*K65/$M65) -> 0 | L86: =IF($M65<'bid input'!$M9,L65, 'bid input'!$M9*L65/$M65) -> 0 | M86: =SUM(G86:L86) -> 0
B87: =+B16 -> 1104141 | G87: =IF($M66<'bid input'!$M10,G66, 'bid input'!$M10*G66/$M66) -> 0 | H87: =IF($M66<'bid input'!$M10,H66, 'bid input'!$M10*H66/$M66) -> 0 | I87: =IF($M66<'bid input'!$M10,I66, 'bid input'!$M10*I66/$M66) -> 0 | J87: =IF($M66<'bid input'!$M10,J66, 'bid input'!$M10*J66/$M66) -> 0 | K87: =IF($M66<'bid input'!$M10,K66, 'bid input'!$M10*K66/$M66) -> 0 | L87: =IF($M66<'bid input'!$M10,L66, 'bid input'!$M10*L66/$M66) -> 0 | M87: =SUM(G87:L87) -> 0
B88: =+B17 -> 1104159 | G88: =IF($M67<'bid input'!$M11,G67, 'bid input'!$M11*G67/$M67) -> 63745 | H88: =IF($M67<'bid input'!$M11,H67, 'bid input'!$M11*H67/$M67) -> 0 | I88: =IF($M67<'bid input'!$M11,I67, 'bid input'!$M11*I67/$M67) -> 0 | J88: =IF($M67<'bid input'!$M11,J67, 'bid input'!$M11*J67/$M67) -> 0 | K88: =IF($M67<'bid input'!$M11,K67, 'bid input'!$M11*K67/$M67) -> 0 | L88: =IF($M67<'bid input'!$M11,L67, 'bid input'!$M11*L67/$M67) -> 0 | M88: =SUM(G88:L88) -> 63745
B89: =+B18 -> 1104161 | G89: =IF($M68<'bid input'!$M12,G68, 'bid input'!$M12*G68/$M68) -> 0 | H89: =IF($M68<'bid input'!$M12,H68, 'bid input'!$M12*H68/$M68) -> 0 | I89: =IF($M68<'bid input'!$M12,I68, 'bid input'!$M12*I68/$M68) -> 0 | J89: =IF($M68<'bid input'!$M12,J68, 'bid input'!$M12*J68/$M68) -> 105080 | K89: =IF($M68<'bid input'!$M12,K68, 'bid input'!$M12*K68/$M68) -> 0 | L89: =IF($M68<'bid input'!$M12,L68, 'bid input'!$M12*L68/$M68) -> 0 | M89: =SUM(G89:L89) -> 105080
B90: =+B19 -> 1104145 | G90: =IF($M69<'bid input'!$M13,G69, 'bid input'!$M13*G69/$M69) -> 0 | H90: =IF($M69<'bid input'!$M13,H69, 'bid input'!$M13*H69/$M69) -> 0 | I90: =IF($M69<'bid input'!$M13,I69, 'bid input'!$M13*I69/$M69) -> 0 | J90: =IF($M69<'bid input'!$M13,J69, 'bid input'!$M13*J69/$M69) -> 0 | K90: =IF($M69<'bid input'!$M13,K69, 'bid input'!$M13*K69/$M69) -> 0 | L90: =IF($M69<'bid input'!$M13,L69, 'bid input'!$M13*L69/$M69) -> 0 | M90: =SUM(G90:L90) -> 0
... B98: =+B27 -> 1104158 | G98: =IF($M77<'bid input'!$M21,G77, 'bid input'!$M21*G77/$M77) -> 0 | H98: =IF($M77<'bid input'!$M21,H77, 'bid input'!$M21*H77/$M77) -> 0 | I98: =IF($M77<'bid input'!$M21,I77, 'bid input'!$M21*I77/$M77) -> 0 | J98: =IF($M77<'bid input'!$M21,J77, 'bid input'!$M21*J77/$M77) -> 0 | K98: =IF($M77<'bid input'!$M21,K77, 'bid input'!$M21*K77/$M77) -> 0 | L98: =IF($M77<'bid input'!$M21,L77, 'bid input'!$M21*L77/$M77) -> 0 | M98: =SUM(G98:L98) -> 0
D100: Total Specified/Noncompetitive | G100: =SUM(G79:G99) -> 191235 | H100: =SUM(H79:H99) -> 150274 | I100: =SUM(I79:I99) -> 0 | J100: =SUM(J79:J99) -> 105080 | K100: =SUM(K79:K99) -> 47000 | L100: =SUM(L79:L99) -> 0 | M100: =SUM(G100:L100) -> 493589
D101: WA Rate | G101: =+G57 | H101: =+H57 | I101: =+I57 | J101: =+J57 | K101: =+K57 | L101: =+L57 | M101: =+IF(M100=0,0,SUMPRODUCT(G100:L100,G101:L101)/M100) -> 0.035
D103: Remaining need | G103: =+G53-G100 -> 31872.5 | H103: =+H53-H100 -> 225411 | I103: =+I53-I100 -> 383900 | J103: =+J53-J100 -> 105080 | K103: =+K53-K100 -> 291340 | L103: =+L53-L100 -> 485000 | M103: =+M53-M100 -> 1522603.5
D104: Over(under)subscribed | G104: =+IF(G103=0,"NA",IF(G103<0,"OVER","UNDER")) -> UNDER | H104: =+IF(H103=0,"NA",IF(H103<0,"OVER","UNDER")) -> UNDER | I104: =+IF(I103=0,"NA",IF(I103<0,"OVER","UNDER")) -> UNDER | J104: =+IF(J103=0,"NA",IF(J103<0,"OVER","UNDER")) -> UNDER | K104: =+IF(K103=0,"NA",IF(K103<0,"OVER","UNDER")) -> UNDER | L104: =+IF(L103=0,"NA",IF(L103<0,"OVER","UNDER")) -> UNDER | M104: =+IF(M103=0,"NA",IF(M103<0,"OVER","UNDER")) -> UNDER
A106: Step 4 of process - Market rate is determined:
D107: Cummulative | G107: =+G50+G100 -> 286852.5 | H107: =+H50+H100 -> 150274 | I107: =+I50+I100 -> 95975 | J107: =+J50+J100 -> 420320 | K107: =+K50+K100 -> 224085 | L107: =+L50+L100 -> 0 | M107: =+M50+M100 -> 1177506.5
D108: Subscription % | G108: =+G107/G4 -> 0.9 | H108: =+H107/H4 -> 0.4 | I108: =+I107/I4 -> 0.2 | J108: =+J107/J4 -> 0.8 | K108: =+K107/K4 -> 0.43475772 | L108: =+L107/L4 -> 0
D109: WA Rate | G109: =+IF(ISERR(IF(ISERR((G50*G51)+(G100*G101))/(G100+G50),G101,((G50*G51)+(G100*G101))/(G100+G50))),0,IF(ISERR((G50*G51)+(G100*G101))/(G100+G50),G101,((G50*G51)+(G100*G101))/(G100+G50))) -> 0.03 | H109: =+IF(ISERR(IF(ISERR((H50*H51)+(H100*H101))/(H100+H50),H101,((H50*H51)+(H100*H101))/(H100+H50))),0,IF(ISERR((H50*H51)+(H100*H101))/(H100+H50),H101,((H50*H51)+(H100*H101))/(H100+H50))) | I109: =+IF(ISERR(IF(ISERR((I50*I51)+(I100*I101))/(I100+I50),I101,((I50*I51)+(I100*I101))/(I100+I50))),0,IF(ISERR((I50*I51)+(I100*I101))/(I100+I50),I101,((I50*I51)+(I100*I101))/(I100+I50))) -> 0.03 | J109: =+IF(ISERR(IF(ISERR((J50*J51)+(J100*J101))/(J100+J50),J101,((J50*J51)+(J100*J101))/(J100+J50))),0,IF(ISERR((J50*J51)+(J100*J101))/(J100+J50),J101,((J50*J51)+(J100*J101))/(J100+J50))) -> 0.04125 | K109: =+IF(ISERR(IF(ISERR((K50*K51)+(K100*K101))/(K100+K50),K101,((K50*K51)+(K100*K101))/(K100+K50))),0,IF(ISERR((K50*K51)+(K100*K101))/(K100+K50),K101,((K50*K51)+(K100*K101))/(K100+K50))) -> 0.02537232 | L109: =+IF(ISERR(IF(ISERR((L50*L51)+(L100*L101))/(L100+L50),L101,((L50*L51)+(L100*L101))/(L100+L50))),0,IF(ISERR((L50*L51)+(L100*L101))/(L100+L50),L101,((L50*L51)+(L100*L101))/(L100+L50))) -> 0 | M109: =+IF(ISERR(IF(ISERR((M50*M51)+(M100*M101))/(M100+M50),M101,((M50*M51)+(M100*M101))/(M100+M50))),0,IF(ISERR((M50*M51)+(M100*M101))/(M100+M50),M101,((M50*M51)+(M100*M101))/(M100+M50))) -> 0.033773207
A111: Step 5 of process - General/Competitive bids are assigned to undersubscribed assets:
B112: Bid ID | C112: General & Competitive? | D112: Rate | E112: Aggregate $ | G112: rank ascending | I112: Allocated & accepted | J112: Timestamp | K112: format-rank | L112: re-rank | M112: Rank + Time | N112: final-rank | O112: Rate | P112: Bid ID | R112: New rank | S112: Rank + Time | T112: Rate | U112: Bid ID
B113: =+'bid input'!B2 -> 1104134 | C113: =+IF('bid input'!Q2=1,"Y","N") -> N | D113: =+IF(C113="N",0,'bid input'!K2) -> 0 | E113: =+MIN('bid input'!D2,'bid input'!M2) -> 187500 | F113: =+IF(D113>0,E113,0) -> 0 | G113: =+IF($F113>0,RANK($D113,$D$113:$D$132,1),0) -> 0 | H113: =+IF(ISERROR(VLOOKUP(B113,$J$138:$K$157,2,0)),0,VLOOKUP(B113,$J$138:$K$157,2,0)) -> 0 | I113: =+IF(ISERROR(VLOOKUP(B113,$J$138:$K$157,2,0)),0,VLOOKUP(B113,$J$138:$K$157,2,0)) -> 0 | J113: =VLOOKUP(B113,'bid input'!B:S,18,0) -> 40928.625 | K113: =IF(G113=0,"",G113) | L113: =IF(ISERROR(RANK(K113,K$113:K$132,1)),0,RANK(K113,K$113:K$132,1)) -> 0 | M113: =VALUE(L113&J113) -> 40928.625 | N113: =IF(L113=0,0,COUNT(M$113:M$132)-(RANK(M113,M$113:M$132,0)+COUNTIF(M113:M$113,M113))+2) -> 0 | O113: =D113 | P113: =B113 -> 1104134 | R113: =OFFSET(N$113,MATCH(SMALL(N$113:N$132,ROW()-ROW(R$113)+1),N$113:N$132,0)-1,0) -> 0 | S113: =OFFSET(M$113,MATCH(SMALL(N$113:N$132,ROW()-ROW(R$113)+1),N$113:N$132,0)-1,0) -> 40928.625 | T113: =VLOOKUP(S113,M$113:O$132,3,0) -> 0 | U113: =VLOOKUP(S113,M$113:P$132,4,0) -> 1104134
B114: =+'bid input'!B3 -> 1104143 | C114: =+IF('bid input'!Q3=1,"Y","N") -> N | D114: =+IF(C114="N",0,'bid input'!K3) -> 0 | E114: =+MIN('bid input'!D3,'bid input'!M3) -> 500000 | F114: =+IF(D114>0,E114,0) -> 0 | G114: =+IF($F114>0,RANK($D114,$D$113:$D$132,1),0) -> 0 | H114: =+IF(ISERROR(VLOOKUP(B114,$J$138:$K$157,2,0)),0,VLOOKUP(B114,$J$138:$K$157,2,0)) -> 0 | I114: =+IF(ISERROR(VLOOKUP(B114,$J$138:$K$157,2,0)),0,VLOOKUP(B114,$J$138:$K$157,2,0)) -> 0 | J114: =VLOOKUP(B114,'bid input'!B:S,18,0) -> 40928.625 | K114: =IF(G114=0,"",G114) | L114: =IF(ISERROR(RANK(K114,K$113:K$132,1)),0,RANK(K114,K$113:K$132,1)) -> 0 | M114: =VALUE(L114&J114) -> 40928.625 | N114: =IF(L114=0,0,COUNT(M$113:M$132)-(RANK(M114,M$113:M$132,0)+COUNTIF(M$113:M114,M114))+2) -> 0 | O114: =D114 | P114: =B114 -> 1104143 | R114: =OFFSET(N$113,MATCH(SMALL(N$113:N$132,ROW()-ROW(R$113)+1),N$113:N$132,0)-1,0) -> 0 | S114: =OFFSET(M$113,MATCH(SMALL(N$113:N$132,ROW()-ROW(R$113)+1),N$113:N$132,0)-1,0) -> 40928.625 | T114: =VLOOKUP(S114,M$113:O$132,3,0) -> 0 | U114: =VLOOKUP(S114,M$113:P$132,4,0) -> 1104134
B115: =+'bid input'!B4 -> 1104154 | C115: =+IF('bid input'!Q4=1,"Y","N") -> Y | D115: =+IF(C115="N",0,'bid input'!K4) | E115: =+MIN('bid input'!D4,'bid input'!M4) -> 185000 | F115: =+IF(D115>0,E115,0) -> 185000 | G115: =+IF($F115>0,RANK($D115,$D$113:$D$132,1),0) -> 20 | H115: =+IF(ISERROR(VLOOKUP(B115,$J$138:$K$157,2,0)),0,VLOOKUP(B115,$J$138:$K$157,2,0)) -> 185000 | I115: =+IF(ISERROR(VLOOKUP(B115,$J$138:$K$157,2,0)),0,VLOOKUP(B115,$J$138:$K$157,2,0)) -> 185000 | J115: =VLOOKUP(B115,'bid input'!B:S,18,0) -> 40928.625 | K115: =IF(G115=0,"",G115) -> 20 | L115: =IF(ISERROR(RANK(K115,K$113:K$132,1)),0,RANK(K115,K$113:K$132,1)) -> 4 | M115: =VALUE(L115&J115) -> 440928.62 | N115: =IF(L115=0,0,COUNT(M$113:M$132)-(RANK(M115,M$113:M$132,0)+COUNTIF(M$113:M115,M115))+2) -> 20 | O115: =D115 | P115: =B115 -> 1104154 | R115: =OFFSET(N$113,MATCH(SMALL(N$113:N$132,ROW()-ROW(R$113)+1),N$113:N$132,0)-1,0) -> 0 | S115: =OFFSET(M$113,MATCH(SMALL(N$113:N$132,ROW()-ROW(R$113)+1),N$113:N$132,0)-1,0) -> 40928.625 | T115: =VLOOKUP(S115,M$113:O$132,3,0) -> 0 | U115: =VLOOKUP(S115,M$113:P$132,4,0) -> 1104134
B116: =+'bid input'!B5 -> 1104152 | C116: =+IF('bid input'!Q5=1,"Y","N") -> N | D116: =+IF(C116="N",0,'bid input'!K5) -> 0 | E116: =+MIN('bid input'!D5,'bid input'!M5) -> 1500000 | F116: =+IF(D116>0,E116,0) -> 0 | G116: =+IF($F116>0,RANK($D116,$D$113:$D$132,1),0) -> 0 | H116: =+IF(ISERROR(VLOOKUP(B116,$J$138:$K$157,2,0)),0,VLOOKUP(B116,$J$138:$K$157,2,0)) -> 0 | I116: =+IF(ISERROR(VLOOKUP(B116,$J$138:$K$157,2,0)),0,VLOOKUP(B116,$J$138:$K$157,2,0)) -> 0 | J116: =VLOOKUP(B116,'bid input'!B:S,18,0) -> 40928.625 | K116: =IF(G116=0,"",G116) | L116: =IF(ISERROR(RANK(K116,K$113:K$132,1)),0,RANK(K116,K$113:K$132,1)) -> 0 | M116: =VALUE(L116&J116) -> 40928.625 | N116: =IF(L116=0,0,COUNT(M$113:M$132)-(RANK(M116,M$113:M$132,0)+COUNTIF(M$113:M116,M116))+2) -> 0 | O116: =D116 | P116: =B116 -> 1104152 | R116: =OFFSET(N$113,MATCH(SMALL(N$113:N$132,ROW()-ROW(R$113)+1),N$113:N$132,0)-1,0) -> 0 | S116: =OFFSET(M$113,MATCH(SMALL(N$113:N$132,ROW()-ROW(R$113)+1),N$113:N$132,0)-1,0) -> 40928.625 | T116: =VLOOKUP(S116,M$113:O$132,3,0) -> 0 | U116: =VLOOKUP(S116,M$113:P$132,4,0) -> 1104134
B117: =+'bid input'!B6 -> 1104136 | C117: =+IF('bid input'!Q6=1,"Y","N") -> N | D117: =+IF(C117="N",0,'bid input'!K6) -> 0 | E117: =+MIN('bid input'!D6,'bid input'!M6) -> 860000 | F117: =+IF(D117>0,E117,0) -> 0 | G117: =+IF($F117>0,RANK($D117,$D$113:$D$132,1),0) -> 0 | H117: =+IF(ISERROR(VLOOKUP(B117,$J$138:$K$157,2,0)),0,VLOOKUP(B117,$J$138:$K$157,2,0)) -> 0 | I117: =+IF(ISERROR(VLOOKUP(B117,$J$138:$K$157,2,0)),0,VLOOKUP(B117,$J$138:$K$157,2,0)) -> 0 | J117: =VLOOKUP(B117,'bid input'!B:S,18,0) -> 40928.713 | K117: =IF(G117=0,"",G117) | L117: =IF(ISERROR(RANK(K117,K$113:K$132,1)),0,RANK(K117,K$113:K$132,1)) -> 0 | M117: =VALUE(L117&J117) -> 40928.713 | N117: =IF(L117=0,0,COUNT(M$113:M$132)-(RANK(M117,M$113:M$132,0)+COUNTIF(M$113:M117,M117))+2) -> 0 | O117: =D117 | P117: =B117 -> 1104136 | R117: =OFFSET(N$113,MATCH(SMALL(N$113:N$132,ROW()-ROW(R$113)+1),N$113:N$132,0)-1,0) -> 0 | S117: =OFFSET(M$113,MATCH(SMALL(N$113:N$132,ROW()-ROW(R$113)+1),N$113:N$132,0)-1,0) -> 40928.625 | T117: =VLOOKUP(S117,M$113:O$132,3,0) -> 0 | U117: =VLOOKUP(S117,M$113:P$132,4,0) -> 1104134
B118: =+'bid input'!B7 -> 1104138 | C118: =+IF('bid input'!Q7=1,"Y","N") -> Y | D118: =+IF(C118="N",0,'bid input'!K7) | E118: =+MIN('bid input'!D7,'bid input'!M7) -> 300000 | F118: =+IF(D118>0,E118,0) -> 300000 | G118: =+IF($F118>0,RANK($D118,$D$113:$D$132,1),0) -> 17 | H118: =+IF(ISERROR(VLOOKUP(B118,$J$138:$K$157,2,0)),0,VLOOKUP(B118,$J$138:$K$157,2,0)) -> 300000 | I118: =+IF(ISERROR(VLOOKUP(B118,$J$138:$K$157,2,0)),0,VLOOKUP(B118,$J$138:$K$157,2,0)) -> 300000 | J118: =VLOOKUP(B118,'bid input'!B:S,18,0) -> 40928.773 | K118: =IF(G118=0,"",G118) -> 17 | L118: =IF(ISERROR(RANK(K118,K$113:K$132,1)),0,RANK(K118,K$113:K$132,1)) -> 1 | M118: =VALUE(L118&J118) -> 140928.77 | N118: =IF(L118=0,0,COUNT(M$113:M$132)-(RANK(M118,M$113:M$132,0)+COUNTIF(M$113:M118,M118))+2) -> 17 | O118: =D118 | P118: =B118 -> 1104138 | R118: =OFFSET(N$113,MATCH(SMALL(N$113:N$132,ROW()-ROW(R$113)+1),N$113:N$132,0)-1,0) -> 0 | S118: =OFFSET(M$113,MATCH(SMALL(N$113:N$132,ROW()-ROW(R$113)+1),N$113:N$132,0)-1,0) -> 40928.625 | T118: =VLOOKUP(S118,M$113:O$132,3,0) -> 0 | U118: =VLOOKUP(S118,M$113:P$132,4,0) -> 1104134
B119: =+'bid input'!B8 -> 1104139 | C119: =+IF('bid input'!Q8=1,"Y","N") -> Y | D119: =+IF(C119="N",0,'bid input'!K8) | E119: =+MIN('bid input'!D8,'bid input'!M8) -> 250000 | F119: =+IF(D119>0,E119,0) -> 250000 | G119: =+IF($F119>0,RANK($D119,$D$113:$D$132,1),0) -> 18 | H119: =+IF(ISERROR(VLOOKUP(B119,$J$138:$K$157,2,0)),0,VLOOKUP(B119,$J$138:$K$157,2,0)) -> 250000 | I119: =+IF(ISERROR(VLOOKUP(B119,$J$138:$K$157,2,0)),0,VLOOKUP(B119,$J$138:$K$157,2,0)) -> 250000 | J119: =VLOOKUP(B119,'bid input'!B:S,18,0) -> 40928.803 | K119: =IF(G119=0,"",G119) -> 18 | L119: =IF(ISERROR(RANK(K119,K$113:K$132,1)),0,RANK(K119,K$113:K$132,1)) -> 2 | M119: =VALUE(L119&J119) -> 240928.8 | N119: =IF(L119=0,0,COUNT(M$113:M$132)-(RANK(M119,M$113:M$132,0)+COUNTIF(M$113:M119,M119))+2) -> 18 | O119: =D119 | P119: =B119 -> 1104139 | R119: =OFFSET(N$113,MATCH(SMALL(N$113:N$132,ROW()-ROW(R$113)+1),N$113:N$132,0)-1,0) -> 0 | S119: =OFFSET(M$113,MATCH(SMALL(N$113:N$132,ROW()-ROW(R$113)+1),N$113:N$132,0)-1,0) -> 40928.625 | T119: =VLOOKUP(S119,M$113:O$132,3,0) -> 0 | U119: =VLOOKUP(S119,M$113:P$132,4,0) -> 1104134
B120: =+'bid input'!B9 -> 1104140 | C120: =+IF('bid input'!Q9=1,"Y","N") -> N | D120: =+IF(C120="N",0,'bid input'!K9) -> 0 | E120: =+MIN('bid input'!D9,'bid input'!M9) -> 74000 | F120: =+IF(D120>0,E120,0) -> 0 | G120: =+IF($F120>0,RANK($D120,$D$113:$D$132,1),0) -> 0 | H120: =+IF(ISERROR(VLOOKUP(B120,$J$138:$K$157,2,0)),0,VLOOKUP(B120,$J$138:$K$157,2,0)) -> 0 | I120: =+IF(ISERROR(VLOOKUP(B120,$J$138:$K$157,2,0)),0,VLOOKUP(B120,$J$138:$K$157,2,0)) -> 0 | J120: =VLOOKUP(B120,'bid input'!B:S,18,0) -> 40928.833 | K120: =IF(G120=0,"",G120) | L120: =IF(ISERROR(RANK(K120,K$113:K$132,1)),0,RANK(K120,K$113:K$132,1)) -> 0 | M120: =VALUE(L120&J120) -> 40928.833 | N120: =IF(L120=0,0,COUNT(M$113:M$132)-(RANK(M120,M$113:M$132,0)+COUNTIF(M$113:M120,M120))+2) -> 0 | O120: =D120 | P120: =B120 -> 1104140 | R120: =OFFSET(N$113,MATCH(SMALL(N$113:N$132,ROW()-ROW(R$113)+1),N$113:N$132,0)-1,0) -> 0 | S120: =OFFSET(M$113,MATCH(SMALL(N$113:N$132,ROW()-ROW(R$113)+1),N$113:N$132,0)-1,0) -> 40928.625 | T120: =VLOOKUP(S120,M$113:O$132,3,0) -> 0 | U120: =VLOOKUP(S120,M$113:P$132,4,0) -> 1104134
B121: =+'bid input'!B10 -> 1104141 | C121: =+IF('bid input'!Q10=1,"Y","N") -> Y | D121: =+IF(C121="N",0,'bid input'!K10) | E121: =+MIN('bid input'!D10,'bid input'!M10) -> 285000 | F121: =+IF(D121>0,E121,0) -> 285000 | G121: =+IF($F121>0,RANK($D121,$D$113:$D$132,1),0) -> 19 | H121: =+IF(ISERROR(VLOOKUP(B121,$J$138:$K$157,2,0)),0,VLOOKUP(B121,$J$138:$K$157,2,0)) -> 285000 | I121: =+IF(ISERROR(VLOOKUP(B121,$J$138:$K$157,2,0)),0,VLOOKUP(B121,$J$138:$K$157,2,0)) -> 285000 | J121: =VLOOKUP(B121,'bid input'!B:S,18,0) -> 40928.863 | K121: =IF(G121=0,"",G121) -> 19 | L121: =IF(ISERROR(RANK(K121,K$113:K$132,1)),0,RANK(K121,K$113:K$132,1)) -> 3 | M121: =VALUE(L121&J121) -> 340928.86 | N121: =IF(L121=0,0,COUNT(M$113:M$132)-(RANK(M121,M$113:M$132,0)+COUNTIF(M$113:M121,M121))+2) -> 19 | O121: =D121 | P121: =B121 -> 1104141 | R121: =OFFSET(N$113,MATCH(SMALL(N$113:N$132,ROW()-ROW(R$113)+1),N$113:N$132,0)-1,0) -> 0 | S121: =OFFSET(M$113,MATCH(SMALL(N$113:N$132,ROW()-ROW(R$113)+1),N$113:N$132,0)-1,0) -> 40928.625 | T121: =VLOOKUP(S121,M$113:O$132,3,0) -> 0 | U121: =VLOOKUP(S121,M$113:P$132,4,0) -> 1104134
B122: =+'bid input'!B11 -> 1104159 | C122: =+IF('bid input'!Q11=1,"Y","N") -> N | D122: =+IF(C122="N",0,'bid input'!K11) -> 0 | E122: =+MIN('bid input'!D11,'bid input'!M11) -> 532000 | F122: =+IF(D122>0,E122,0) -> 0 | G122: =+IF($F122>0,RANK($D122,$D$113:$D$132,1),0) -> 0 | H122: =+IF(ISERROR(VLOOKUP(B122,$J$138:$K$157,2,0)),0,VLOOKUP(B122,$J$138:$K$157,2,0)) -> 0 | I122: =+IF(ISERROR(VLOOKUP(B122,$J$138:$K$157,2,0)),0,VLOOKUP(B122,$J$138:$K$157,2,0)) -> 0 | J122: =VLOOKUP(B122,'bid input'!B:S,18,0) -> 40928.903 | K122: =IF(G122=0,"",G122) | L122: =IF(ISERROR(RANK(K122,K$113:K$132,1)),0,RANK(K122,K$113:K$132,1)) -> 0 | M122: =VALUE(L122&J122) -> 40928.903 | N122: =IF(L122=0,0,COUNT(M$113:M$132)-(RANK(M122,M$113:M$132,0)+COUNTIF(M$113:M122,M122))+2) -> 0 | O122: =D122 | P122: =B122 -> 1104159 | R122: =OFFSET(N$113,MATCH(SMALL(N$113:N$132,ROW()-ROW(R$113)+1),N$113:N$132,0)-1,0) -> 0 | S122: =OFFSET(M$113,MATCH(SMALL(N$113:N$132,ROW()-ROW(R$113)+1),N$113:N$132,0)-1,0) -> 40928.625 | T122: =VLOOKUP(S122,M$113:O$132,3,0) -> 0 | U122: =VLOOKUP(S122,M$113:P$132,4,0) -> 1104134
B123: =+'bid input'!B12 -> 1104161 | C123: =+IF('bid input'!Q12=1,"Y","N") -> N | D123: =+IF(C123="N",0,'bid input'!K12) -> 0 | E123: =+MIN('bid input'!D12,'bid input'!M12) -> 292000 | F123: =+IF(D123>0,E123,0) -> 0 | G123: =+IF($F123>0,RANK($D123,$D$113:$D$132,1),0) -> 0 | H123: =+IF(ISERROR(VLOOKUP(B123,$J$138:$K$157,2,0)),0,VLOOKUP(B123,$J$138:$K$157,2,0)) -> 0 | I123: =+IF(ISERROR(VLOOKUP(B123,$J$138:$K$157,2,0)),0,VLOOKUP(B123,$J$138:$K$157,2,0)) -> 0 | J123: =VLOOKUP(B123,'bid input'!B:S,18,0) -> 40928.963 | K123: =IF(G123=0,"",G123) | L123: =IF(ISERROR(RANK(K123,K$113:K$132,1)),0,RANK(K123,K$113:K$132,1)) -> 0 | M123: =VALUE(L123&J123) -> 40928.963 | N123: =IF(L123=0,0,COUNT(M$113:M$132)-(RANK(M123,M$113:M$132,0)+COUNTIF(M$113:M123,M123))+2) -> 0 | O123: =D123 | P123: =B123 -> 1104161 | R123: =OFFSET(N$113,MATCH(SMALL(N$113:N$132,ROW()-ROW(R$113)+1),N$113:N$132,0)-1,0) -> 0 | S123: =OFFSET(M$113,MATCH(SMALL(N$113:N$132,ROW()-ROW(R$113)+1),N$113:N$132,0)-1,0) -> 40928.625 | T123: =VLOOKUP(S123,M$113:O$132,3,0) -> 0 | U123: =VLOOKUP(S123,M$113:P$132,4,0) -> 1104134
B124: =+'bid input'!B13 -> 1104145 | C124: =+IF('bid input'!Q13=1,"Y","N") -> N | D124: =+IF(C124="N",0,'bid input'!K13) -> 0 | E124: =+MIN('bid input'!D13,'bid input'!M13) -> 752000 | F124: =+IF(D124>0,E124,0) -> 0 | G124: =+IF($F124>0,RANK($D124,$D$113:$D$132,1),0) -> 0 | H124: =+IF(ISERROR(VLOOKUP(B124,$J$138:$K$157,2,0)),0,VLOOKUP(B124,$J$138:$K$157,2,0)) -> 0 | I124: =+IF(ISERROR(VLOOKUP(B124,$J$138:$K$157,2,0)),0,VLOOKUP(B124,$J$138:$K$157,2,0)) -> 0 | J124: =VLOOKUP(B124,'bid input'!B:S,18,0) -> 40928.983 | K124: =IF(G124=0,"",G124) | L124: =IF(ISERROR(RANK(K124,K$113:K$132,1)),0,RANK(K124,K$113:K$132,1)) -> 0 | M124: =VALUE(L124&J124) -> 40928.983 | N124: =IF(L124=0,0,COUNT(M$113:M$132)-(RANK(M124,M$113:M$132,0)+COUNTIF(M$113:M124,M124))+2) -> 0 | O124: =D124 | P124: =B124 -> 1104145 | R124: =OFFSET(N$113,MATCH(SMALL(N$113:N$132,ROW()-ROW(R$113)+1),N$113:N$132,0)-1,0) -> 0 | S124: =OFFSET(M$113,MATCH(SMALL(N$113:N$132,ROW()-ROW(R$113)+1),N$113:N$132,0)-1,0) -> 40928.625 | T124: =VLOOKUP(S124,M$113:O$132,3,0) -> 0 | U124: =VLOOKUP(S124,M$113:P$132,4,0) -> 1104134
B125: =+'bid input'!B14 -> 1104133 | C125: =+IF('bid input'!Q14=1,"Y","N") -> N | D125: =+IF(C125="N",0,'bid input'!K14) -> 0 | E125: =+MIN('bid input'!D14,'bid input'!M14) -> 418000 | F125: =+IF(D125>0,E125,0) -> 0 | G125: =+IF($F125>0,RANK($D125,$D$113:$D$132,1),0) -> 0 | H125: =+IF(ISERROR(VLOOKUP(B125,$J$138:$K$157,2,0)),0,VLOOKUP(B125,$J$138:$K$157,2,0)) -> 0 | I125: =+IF(ISERROR(VLOOKUP(B125,$J$138:$K$157,2,0)),0,VLOOKUP(B125,$J$138:$K$157,2,0)) -> 0 | J125: =VLOOKUP(B125,'bid input'!B:S,18,0) -> 40929.099 | K125: =IF(G125=0,"",G125) | L125: =IF(ISERROR(RANK(K125,K$113:K$132,1)),0,RANK(K125,K$113:K$132,1)) -> 0 | M125: =VALUE(L125&J125) -> 40929.099 | N125: =IF(L125=0,0,COUNT(M$113:M$132)-(RANK(M125,M$113:M$132,0)+COUNTIF(M$113:M125,M125))+2) -> 0 | O125: =D125 | P125: =B125 -> 1104133 | R125: =OFFSET(N$113,MATCH(SMALL(N$113:N$132,ROW()-ROW(R$113)+1),N$113:N$132,0)-1,0) -> 0 | S125: =OFFSET(M$113,MATCH(SMALL(N$113:N$132,ROW()-ROW(R$113)+1),N$113:N$132,0)-1,0) -> 40928.625 | T125: =VLOOKUP(S125,M$113:O$132,3,0) -> 0 | U125: =VLOOKUP(S125,M$113:P$132,4,0) -> 1104134
... B132: =+'bid input'!B21 -> 1104158 | C132: =+IF('bid input'!Q21=1,"Y","N") -> N | D132: =+IF(C132="N",0,'bid input'!K21) -> 0 | E132: =+MIN('bid input'!D21,'bid input'!M21) -> 562000 | F132: =+IF(D132>0,E132,0) -> 0 | G132: =+IF($F132>0,RANK($D132,$D$113:$D$132,1),0) -> 0 | H132: =+IF(ISERROR(VLOOKUP(B132,$J$138:$K$157,2,0)),0,VLOOKUP(B132,$J$138:$K$157,2,0)) -> 0 | I132: =+IF(ISERROR(VLOOKUP(B132,$J$138:$K$157,2,0)),0,VLOOKUP(B132,$J$138:$K$157,2,0)) -> 0 | J132: =VLOOKUP(B132,'bid input'!B:S,18,0) -> 40929.373 | K132: =IF(G132=0,"",G132) | L132: =IF(ISERROR(RANK(K132,K$113:K$132,1)),0,RANK(K132,K$113:K$132,1)) -> 0 | M132: =VALUE(L132&J132) -> 40929.373 | N132: =IF(L132=0,0,COUNT(M$113:M$132)-(RANK(M132,M$113:M$132,0)+COUNTIF(M$113:M132,M132))+2) -> 0 | O132: =D132 | P132: =B132 -> 1104158 | R132: =OFFSET(N$113,MATCH(SMALL(N$113:N$132,ROW()-ROW(R$113)+1),N$113:N$132,0)-1,0) -> 20 | S132: =OFFSET(M$113,MATCH(SMALL(N$113:N$132,ROW()-ROW(R$113)+1),N$113:N$132,0)-1,0) -> 440928.62 | T132: =VLOOKUP(S132,M$113:O$132,3,0) -> 0.03 | U132: =VLOOKUP(S132,M$113:P$132,4,0) -> 1104154
B133: total | C133: =+COUNTIF(C113:C132,"Y") -> 4 | D133: =+IF(ISERROR(SUMPRODUCT(E113:E132,D113:D132)/E133),0,SUMPRODUCT(E113:E132,D113:D132)/E133) -> 0.024191176 | E133: =+SUMIF(C113:C132,"Y",E113:E132) -> 1020000 | I133: =+IF(ISERROR(VLOOKUP(B133,$J$138:$K$157,2,0)),0,VLOOKUP(B133,$J$138:$K$157,2,0)) -> 0
I134: =+IF(ISERR(SUMPRODUCT(D113:D132,I113:I132)/I133),0,SUMPRODUCT(D113:D132,I113:I132)/I133) -> 0
B135: Amount required to fund all under subscribed: | E135: =IF(M104="UNDER",+M103,0) -> 1522603.5
B136: If bids>under subscribed amount, accept lowest rate first: | H136: Bid amt taken | I136: Amt required | J136: Bid #
I137: =E135 -> 1522603.5
G138: 1 | H138: =+IF(I137>0,MIN(SUMIF($N$113:$N$132,G138,$E$113:$E$132),I137),0) -> 0 | I138: =I137-H138 -> 1522603.5 | J138: =IF(ISERROR(VLOOKUP(G138,R$113:U$132,4,0)),"",VLOOKUP(G138,R$113:U$132,4,0)) | K138: =+H138 -> 0
G139: =1+G138 -> 2 | H139: =+IF(I138>0,MIN(SUMIF($N$113:$N$132,G139,$E$113:$E$132),I138),0) -> 0 | I139: =I138-H139 -> 1522603.5 | J139: =IF(ISERROR(VLOOKUP(G139,R$113:U$132,4,0)),"",VLOOKUP(G139,R$113:U$132,4,0)) | K139: =+H139 -> 0
G140: =1+G139 -> 3 | H140: =+IF(I139>0,MIN(SUMIF($N$113:$N$132,G140,$E$113:$E$132),I139),0) -> 0 | I140: =I139-H140 -> 1522603.5 | J140: =IF(ISERROR(VLOOKUP(G140,R$113:U$132,4,0)),"",VLOOKUP(G140,R$113:U$132,4,0)) | K140: =+H140 -> 0
G141: =1+G140 -> 4 | H141: =+IF(I140>0,MIN(SUMIF($N$113:$N$132,G141,$E$113:$E$132),I140),0) -> 0 | I141: =I140-H141 -> 1522603.5 | J141: =IF(ISERROR(VLOOKUP(G141,R$113:U$132,4,0)),"",VLOOKUP(G141,R$113:U$132,4,0)) | K141: =+H141 -> 0
G142: =1+G141 -> 5 | H142: =+IF(I141>0,MIN(SUMIF($N$113:$N$132,G142,$E$113:$E$132),I141),0) -> 0 | I142: =I141-H142 -> 1522603.5 | J142: =IF(ISERROR(VLOOKUP(G142,R$113:U$132,4,0)),"",VLOOKUP(G142,R$113:U$132,4,0)) | K142: =+H142 -> 0
G143: =1+G142 -> 6 | H143: =+IF(I142>0,MIN(SUMIF($N$113:$N$132,G143,$E$113:$E$132),I142),0) -> 0 | I143: =I142-H143 -> 1522603.5 | J143: =IF(ISERROR(VLOOKUP(G143,R$113:U$132,4,0)),"",VLOOKUP(G143,R$113:U$132,4,0)) | K143: =+H143 -> 0
G144: =1+G143 -> 7 | H144: =+IF(I143>0,MIN(SUMIF($N$113:$N$132,G144,$E$113:$E$132),I143),0) -> 0 | I144: =I143-H144 -> 1522603.5 | J144: =IF(ISERROR(VLOOKUP(G144,R$113:U$132,4,0)),"",VLOOKUP(G144,R$113:U$132,4,0)) | K144: =+H144 -> 0
...
