Workbook

Sheet bid input
A1: time | B1: bidID | C1: Bid Type | D1: if general: Aggregate $ | E1: if general, max % per asset | F1: if specified, bid % | G1: if specified, loan or MO | H1: Loan # if applicable | I1: MO if applicable | J1: order type | K1: if competitive, bid rate | L1: order timing | M1: Funds available | N1: If auto, date/time order placed | O1: Specified & Competitive | P1: Specified & Noncompetitive | Q1: General & Competitive | R1: General & Noncompetitive | S1: time
A2: 0.625 | B2: 1104134 | C2: Specified | F2: 0.2 | G2: Loan | H2: 1 | J2: Noncompetitive | L2: Auto | M2: 187500 | N2: 40892.537 | O2: =+IF(AND(C2="Specified",J2="Competitive"),1,0) -> 0 | P2: =+IF(AND(C2="Specified",J2="Noncompetitive"),1,0) -> 1 | Q2: =+IF(AND(C2="General",J2="Competitive"),1,0) -> 0 | R2: =+IF(AND(C2="General",J2="Noncompetitive"),1,0) -> 0 | S2: 40928.625
A3: 0.625 | B3: 1104143 | C3: Specified | F3: 0.2 | G3: MO | I3: ABC Mortgage | J3: Noncompetitive | L3: Auto | M3: 500000 | N3: 40897.364 | O3: =+IF(AND(C3="Specified",J3="Competitive"),1,0) -> 0 | P3: =+IF(AND(C3="Specified",J3="Noncompetitive"),1,0) -> 1 | Q3: =+IF(AND(C3="General",J3="Competitive"),1,0) -> 0 | R3: =+IF(AND(C3="General",J3="Noncompetitive"),1,0) -> 0 | S3: 40928.625
A4: 0.625 | B4: 1104154 | C4: Specified | F4: 0.2 | G4: Loan | H4: 2 | J4: Noncompetitive | L4: Auto | M4: 185000 | N4: 40913.387 | O4: =+IF(AND(C4="Specified",J4="Competitive"),1,0) -> 0 | P4: =+IF(AND(C4="Specified",J4="Noncompetitive"),1,0) -> 1 | Q4: =+IF(AND(C4="General",J4="Competitive"),1,0) -> 0 | R4: =+IF(AND(C4="General",J4="Noncompetitive"),1,0) -> 0 | S4: 40928.625
A5: 0.625 | B5: 1104152 | C5: Specified | F5: 0.2 | G5: MO | I5: Prime Lending | J5: Noncompetitive | L5: Auto | M5: 1500000 | N5: 40913.386 | O5: =+IF(AND(C5="Specified",J5="Competitive"),1,0) -> 0 | P5: =+IF(AND(C5="Specified",J5="Noncompetitive"),1,0) -> 1 | Q5: =+IF(AND(C5="General",J5="Competitive"),1,0) -> 0 | R5: =+IF(AND(C5="General",J5="Noncompetitive"),1,0) -> 0 | S5: 40928.625
A6: 0.71263889 | B6: 1104136 | C6: Specified | F6: 0.2 | G6: Loan | H6: 4 | J6: Noncompetitive | L6: Day Trade | M6: 860000 | O6: =+IF(AND(C6="Specified",J6="Competitive"),1,0) -> 0 | P6: =+IF(AND(C6="Specified",J6="Noncompetitive"),1,0) -> 1 | Q6: =+IF(AND(C6="General",J6="Competitive"),1,0) -> 0 | R6: =+IF(AND(C6="General",J6="Noncompetitive"),1,0) -> 0 | S6: 40928.713
A7: 0.77263889 | B7: 1104138 | C7: Specified | F7: 0.2 | G7: MO | I7: Best Loans Inc | J7: Noncompetitive | L7: Day Trade | M7: 300000 | O7: =+IF(AND(C7="Specified",J7="Competitive"),1,0) -> 0 | P7: =+IF(AND(C7="Specified",J7="Noncompetitive"),1,0) -> 1 | Q7: =+IF(AND(C7="General",J7="Competitive"),1,0) -> 0 | R7: =+IF(AND(C7="General",J7="Noncompetitive"),1,0) -> 0 | S7: 40928.773
A8: 0.80263889 | B8: 1104139 | C8: Specified | F8: 0.2 | G8: Loan | H8: 1 | J8: Noncompetitive | L8: Day Trade | M8: 250000 | O8: =+IF(AND(C8="Specified",J8="Competitive"),1,0) -> 0 | P8: =+IF(AND(C8="Specified",J8="Noncompetitive"),1,0) -> 1 | Q8: =+IF(AND(C8="General",J8="Competitive"),1,0) -> 0 | R8: =+IF(AND(C8="General",J8="Noncompetitive"),1,0) -> 0 | S8: 40928.803
A9: 0.83263889 | B9: 1104140 | C9: Specified | F9: 0.2 | G9: Loan | H9: 5 | J9: Noncompetitive | L9: Day Trade | M9: 74000 | O9: =+IF(AND(C9="Specified",J9="Competitive"),1,0) -> 0 | P9: =+IF(AND(C9="Specified",J9="Noncompetitive"),1,0) -> 1 | Q9: =+IF(AND(C9="General",J9="Competitive"),1,0) -> 0 | R9: =+IF(AND(C9="General",J9="Noncompetitive"),1,0) -> 0 | S9: 40928.833
A10: 0.86263889 | B10: 1104141 | C10: Specified | F10: 0.2 | G10: Loan | H10: 5 | J10: Noncompetitive | L10: Day Trade | M10: 285000 | O10: =+IF(AND(C10="Specified",J10="Competitive"),1,0) -> 0 | P10: =+IF(AND(C10="Specified",J10="Noncompetitive"),1,0) -> 1 | Q10: =+IF(AND(C10="General",J10="Competitive"),1,0) -> 0 | R10: =+IF(AND(C10="General",J10="Noncompetitive"),1,0) -> 0 | S10: 40928.863
A11: 0.90263889 | B11: 1104159 | C11: Specified | F11: 0.2 | G11: Loan | H11: 1 | J11: Noncompetitive | L11: Day Trade | M11: 532000 | O11: =+IF(AND(C11="Specified",J11="Competitive"),1,0) -> 0 | P11: =+IF(AND(C11="Specified",J11="Noncompetitive"),1,0) -> 1 | Q11: =+IF(AND(C11="General",J11="Competitive"),1,0) -> 0 | R11: =+IF(AND(C11="General",J11="Noncompetitive"),1,0) -> 0 | S11: 40928.903
A12: 0.96263889 | B12: 1104161 | C12: Specified | F12: 0.2 | G12: Loan | H12: 4 | J12: Noncompetitive | L12: Day Trade | M12: 292000 | O12: =+IF(AND(C12="Specified",J12="Competitive"),1,0) -> 0 | P12: =+IF(AND(C12="Specified",J12="Noncompetitive"),1,0) -> 1 | Q12: =+IF(AND(C12="General",J12="Competitive"),1,0) -> 0 | R12: =+IF(AND(C12="General",J12="Noncompetitive"),1,0) -> 0 | S12: 40928.963
A13: 0.98263889 | B13: 1104145 | C13: Specified | F13: 0.1 | G13: Loan | H13: 1 | J13: Noncompetitive | L13: Day Trade | M13: 752000 | O13: =+IF(AND(C13="Specified",J13="Competitive"),1,0) -> 0 | P13: =+IF(AND(C13="Specified",J13="Noncompetitive"),1,0) -> 1 | Q13: =+IF(AND(C13="General",J13="Competitive"),1,0) -> 0 | R13: =+IF(AND(C13="General",J13="Noncompetitive"),1,0) -> 0 | S13: 40928.983
A14: 1.0993056 | B14: 1104133 | C14: Specified | F14: 0.2 | G14: Loan | H14: 4 | J14: Noncompetitive | L14: Day Trade | M14: 418000 | O14: =+IF(AND(C14="Specified",J14="Competitive"),1,0) -> 0 | P14: =+IF(AND(C14="Specified",J14="Noncompetitive"),1,0) -> 1 | Q14: =+IF(AND(C14="General",J14="Competitive"),1,0) -> 0 | R14: =+IF(AND(C14="General",J14="Noncompetitive"),1,0) -> 0 | S14: 40929.099
A15: 1.1026389 | B15: 1104149 | C15: Specified | F15: 0.2 | G15: Loan | H15: 5 | J15: Noncompetitive | L15: Day Trade | M15: 47000 | O15: =+IF(AND(C15="Specified",J15="Competitive"),1,0) -> 0 | P15: =+IF(AND(C15="Specified",J15="Noncompetitive"),1,0) -> 1 | Q15: =+IF(AND(C15="General",J15="Competitive"),1,0) -> 0 | R15: =+IF(AND(C15="General",J15="Noncompetitive"),1,0) -> 0 | S15: 40929.103
A16: 1.1626389 | B16: 1104151 | C16: Specified | F16: 0.2 | G16: Loan | H16: 1 | J16: Noncompetitive | L16: Day Trade | M16: 283000 | O16: =+IF(AND(C16="Specified",J16="Competitive"),1,0) -> 0 | P16: =+IF(AND(C16="Specified",J16="Noncompetitive"),1,0) -> 1 | Q16: =+IF(AND(C16="General",J16="Competitive"),1,0) -> 0 | R16: =+IF(AND(C16="General",J16="Noncompetitive"),1,0) -> 0 | S16: 40929.163
A17: 1.1926389 | B17: 1104131 | C17: Specified | F17: 0.2 | G17: MO | H17: 4 | J17: Noncompetitive | L17: Day Trade | M17: 598000 | O17: =+IF(AND(C17="Specified",J17="Competitive"),1,0) -> 0 | P17: =+IF(AND(C17="Specified",J17="Noncompetitive"),1,0) -> 1 | Q17: =+IF(AND(C17="General",J17="Competitive"),1,0) -> 0 | R17: =+IF(AND(C17="General",J17="Noncompetitive"),1,0) -> 0 | S17: 40929.193
A18: 1.2826389 | B18: 1104155 | C18: Specified | F18: 0.2 | G18: MO | I18: Best Loans Inc | J18: Noncompetitive | L18: Day Trade | M18: 639000 | O18: =+IF(AND(C18="Specified",J18="Competitive"),1,0) -> 0 | P18: =+IF(AND(C18="Specified",J18="Noncompetitive"),1,0) -> 1 | Q18: =+IF(AND(C18="General",J18="Competitive"),1,0) -> 0 | R18: =+IF(AND(C18="General",J18="Noncompetitive"),1,0) -> 0 | S18: 40929.283
A19: 1.3126389 | B19: 1104156 | C19: Specified | F19: 0.2 | G19: Loan | H19: 2 | J19: Noncompetitive | L19: Day Trade | M19: 274000 | O19: =+IF(AND(C19="Specified",J19="Competitive"),1,0) -> 0 | P19: =+IF(AND(C19="Specified",J19="Noncompetitive"),1,0) -> 1 | Q19: =+IF(AND(C19="General",J19="Competitive"),1,0) -> 0 | R19: =+IF(AND(C19="General",J19="Noncompetitive"),1,0) -> 0 | S19: 40929.313
A20: 1.3426389 | B20: 1104157 | C20: Specified | F20: 0.2 | G20: Loan | I20: Best Loans Inc | J20: Noncompetitive | L20: Day Trade | M20: 629000 | O20: =+IF(AND(C20="Specified",J20="Competitive"),1,0) -> 0 | P20: =+IF(AND(C20="Specified",J20="Noncompetitive"),1,0) -> 1 | Q20: =+IF(AND(C20="General",J20="Competitive"),1,0) -> 0 | R20: =+IF(AND(C20="General",J20="Noncompetitive"),1,0) -> 0 | S20: 40929.343
A21: 1.3726389 | B21: 1104158 | C21: Specified | F21: 0.2 | G21: Loan | H21: 1 | J21: Noncompetitive | L21: Day Trade | M21: 562000 | O21: =+IF(AND(C21="Specified",J21="Competitive"),1,0) -> 0 | P21: =+IF(AND(C21="Specified",J21="Noncompetitive"),1,0) -> 1 | Q21: =+IF(AND(C21="General",J21="Competitive"),1,0) -> 0 | R21: =+IF(AND(C21="General",J21="Noncompetitive"),1,0) -> 0 | S21: 40929.373

Sheet assets available for bid
F1: Allocation process:
E2: Loan Number | G2: 1 | H2: 2 | I2: 3 | J2: 4 | K2: 5 | L2: 6 | M2: Batch Total
E3: MO | G3: ABC Mortgage | H3: ABC Mortgage | I3: Prime Lending | J3: Prime Lending | K3: Best Loans Inc | L3: Integrity Lending
E4: Loan Amount | G4: 318725 | H4: 375685 | I4: 479875 | J4: 525400 | K4: 515425 | L4: 485000 | M4: =SUM(G4:L4) -> 2700110
A6: Step 2 of process - Assets are assigned Specified/Competitive bids:
B7: Bid ID | C7: Loan # | D7: MO | E7: Specific & Competitive? | F7: Rate
B8: =+'bid input'!B2 -> 1104134 | C8: =+'bid input'!H2 -> 1 | D8: =+'bid input'!I2 -> 0 | E8: =+IF('bid input'!O2=1,"Y","N") -> N | F8: =+'bid input'!K2 -> 0 | G8: =+IF(AND($E8="Y",$C8=G$2,$C8>0),'bid input'!$F2,IF(AND($E8="Y",$D8=G$3,$C8=0),'bid input'!$F2,0))*G$4 -> 0 | H8: =+IF(AND($E8="Y",$C8=H$2,$C8>0),'bid input'!$F2,IF(AND($E8="Y",$D8=H$3,$C8=0),'bid input'!$F2,0))*H$4 -> 0 | I8: =+IF(AND($E8="Y",$C8=I$2,$C8>0),'bid input'!$F2,IF(AND($E8="Y",$D8=I$3,$C8=0),'bid input'!$F2,0))*I$4 -> 0 | J8: =+IF(AND($E8="Y",$C8=J$2,$C8>0),'bid input'!$F2,IF(AND($E8="Y",$D8=J$3,$C8=0),'bid input'!$F2,0))*J$4 -> 0 | K8: =+IF(AND($E8="Y",$C8=K$2,$C8>0),'bid input'!$F2,IF(AND($E8="Y",$D8=K$3,$C8=0),'bid input'!$F2,0))*K$4 -> 0 | L8: =+IF(AND($E8="Y",$C8=L$2,$C8>0),'bid input'!$F2,IF(AND($E8="Y",$D8=L$3,$C8=0),'bid input'!$F2,0))*L$4 -> 0 | M8: =SUM(G8:L8) -> 0
B9: =+'bid input'!B3 -> 1104143 | C9: =+'bid input'!H3 -> 0 | D9: =+'bid input'!I3 -> ABC Mortgage | E9: =+IF('bid input'!O3=1,"Y","N") -> N | F9: =+'bid input'!K3 -> 0 | G9: =+IF(AND($E9="Y",$C9=G$2,$C9>0),'bid input'!$F3,IF(AND($E9="Y",$D9=G$3,$C9=0),'bid input'!$F3,0))*G$4 -> 0 | H9: =+IF(AND($E9="Y",$C9=H$2,$C9>0),'bid input'!$F3,IF(AND($E9="Y",$D9=H$3,$C9=0),'bid input'!$F3,0))*H$4 -> 0 | I9: =+IF(AND($E9="Y",$C9=I$2,$C9>0),'bid input'!$F3,IF(AND($E9="Y",$D9=I$3,$C9=0),'bid input'!$F3,0))*I$4 -> 0 | J9: =+IF(AND($E9="Y",$C9=J$2,$C9>0),'bid input'!$F3,IF(AND($E9="Y",$D9=J$3,$C9=0),'bid input'!$F3,0))*J$4 -> 0 | K9: =+IF(AND($E9="Y",$C9=K$2,$C9>0),'bid input'!$F3,IF(AND($E9="Y",$D9=K$3,$C9=0),'bid input'!$F3,0))*K$4 -> 0 | L9: =+IF(AND($E9="Y",$C9=L$2,$C9>0),'bid input'!$F3,IF(AND($E9="Y",$D9=L$3,$C9=0),'bid input'!$F3,0))*L$4 -> 0 | M9: =SUM(G9:L9) -> 0
B10: =+'bid input'!B4 -> 1104154 | C10: =+'bid input'!H4 -> 2 | D10: =+'bid input'!I4 -> 0 | E10: =+IF('bid input'!O4=1,"Y","N") -> N | F10: =+'bid input'!K4 -> 0 | G10: =+IF(AND($E10="Y",$C10=G$2,$C10>0),'bid input'!$F4,IF(AND($E10="Y",$D10=G$3,$C10=0),'bid input'!$F4,0))*G$4 -> 0 | H10: =+IF(AND($E10="Y",$C10=H$2,$C10>0),'bid input'!$F4,IF(AND($E10="Y",$D10=H$3,$C10=0),'bid input'!$F4,0))*H$4 -> 0 | I10: =+IF(AND($E10="Y",$C10=I$2,$C10>0),'bid input'!$F4,IF(AND($E10="Y",$D10=I$3,$C10=0),'bid input'!$F4,0))*I$4 -> 0 | J10: =+IF(AND($E10="Y",$C10=J$2,$C10>0),'bid input'!$F4,IF(AND($E10="Y",$D10=J$3,$C10=0),'bid input'!$F4,0))*J$4 -> 0 | K10: =+IF(AND($E10="Y",$C10=K$2,$C10>0),'bid input'!$F4,IF(AND($E10="Y",$D10=K$3,$C10=0),'bid input'!$F4,0))*K$4 -> 0 | L10: =+IF(AND($E10="Y",$C10=L$2,$C10>0),'bid input'!$F4,IF(AND($E10="Y",$D10=L$3,$C10=0),'bid input'!$F4,0))*L$4 -> 0 | M10: =SUM(G10:L10) -> 0
B11: =+'bid input'!B5 -> 1104152 | C11: =+'bid input'!H5 -> 0 | D11: =+'bid input'!I5 -> Prime Lending | E11: =+IF('bid input'!O5=1,"Y","N") -> N | F11: =+'bid input'!K5 -> 0 | G11: =+IF(AND($E11="Y",$C11=G$2,$C11>0),'bid input'!$F5,IF(AND($E11="Y",$D11=G$3,$C11=0),'bid input'!$F5,0))*G$4 -> 0 | H11: =+IF(AND($E11="Y",$C11=H$2,$C11>0),'bid input'!$F5,IF(AND($E11="Y",$D11=H$3,$C11=0),'bid input'!$F5,0))*H$4 -> 0 | I11: =+IF(AND($E11="Y",$C11=I$2,$C11>0),'bid input'!$F5,IF(AND($E11="Y",$D11=I$3,$C11=0),'bid input'!$F5,0))*I$4 -> 0 | J11: =+IF(AND($E11="Y",$C11=J$2,$C11>0),'bid input'!$F5,IF(AND($E11="Y",$D11=J$3,$C11=0),'bid input'!$F5,0))*J$4 -> 0 | K11: =+IF(AND($E11="Y",$C11=K$2,$C11>0),'bid input'!$F5,IF(AND($E11="Y",$D11=K$3,$C11=0),'bid input'!$F5,0))*K$4 -> 0 | L11: =+IF(AND($E11="Y",$C11=L$2,$C11>0),'bid input'!$F5,IF(AND($E11="Y",$D11=L$3,$C11=0),'bid input'!$F5,0))*L$4 -> 0 | M11: =SUM(G11:L11) -> 0
B12: =+'bid input'!B6 -> 1104136 | C12: =+'bid input'!H6 -> 4 | D12: =+'bid input'!I6 -> 0 | E12: =+IF('bid input'!O6=1,"Y","N") -> N | F12: =+'bid input'!K6 -> 0 | G12: =+IF(AND($E12="Y",$C12=G$2,$C12>0),'bid input'!$F6,IF(AND($E12="Y",$D12=G$3,$C12=0),'bid input'!$F6,0))*G$4 -> 0 | H12: =+IF(AND($E12="Y",$C12=H$2,$C12>0),'bid input'!$F6,IF(AND($E12="Y",$D12=H$3,$C12=0),'bid input'!$F6,0))*H$4 -> 0 | I12: =+IF(AND($E12="Y",$C12=I$2,$C12>0),'bid input'!$F6,IF(AND($E12="Y",$D12=I$3,$C12=0),'bid input'!$F6,0))*I$4 -> 0 | J12: =+IF(AND($E12="Y",$C12=J$2,$C12>0),'bid input'!$F6,IF(AND($E12="Y",$D12=J$3,$C12=0),'bid input'!$F6,0))*J$4 -> 0 | K12: =+IF(AND($E12="Y",$C12=K$2,$C12>0),'bid input'!$F6,IF(AND($E12="Y",$D12=K$3,$C12=0),'bid input'!$F6,0))*K$4 -> 0 | L12: =+IF(AND($E12="Y",$C12=L$2,$C12>0),'bid input'!$F6,IF(AND($E12="Y",$D12=L$3,$C12=0),'bid input'!$F6,0))*L$4 -> 0 | M12: =SUM(G12:L12) -> 0
B13: =+'bid input'!B7 -> 1104138 | C13: =+'bid input'!H7 -> 0 | D13: =+'bid input'!I7 -> Best Loans Inc | E13: =+IF('bid input'!O7=1,"Y","N") -> N | F13: =+'bid input'!K7 -> 0 | G13: =+IF(AND($E13="Y",$C13=G$2,$C13>0),'bid input'!$F7,IF(AND($E13="Y",$D13=G$3,$C13=0),'bid input'!$F7,0))*G$4 -> 0 | H13: =+IF(AND($E13="Y",$C13=H$2,$C13>0),'bid input'!$F7,IF(AND($E13="Y",$D13=H$3,$C13=0),'bid input'!$F7,0))*H$4 -> 0 | I13: =+IF(AND($E13="Y",$C13=I$2,$C13>0),'bid input'!$F7,IF(AND($E13="Y",$D13=I$3,$C13=0),'bid input'!$F7,0))*I$4 -> 0 | J13: =+IF(AND($E13="Y",$C13=J$2,$C13>0),'bid input'!$F7,IF(AND($E13="Y",$D13=J$3,$C13=0),'bid input'!$F7,0))*J$4 -> 0 | K13: =+IF(AND($E13="Y",$C13=K$2,$C13>0),'bid input'!$F7,IF(AND($E13="Y",$D13=K$3,$C13=0),'bid input'!$F7,0))*K$4 -> 0 | L13: =+IF(AND($E13="Y",$C13=L$2,$C13>0),'bid input'!$F7,IF(AND($E13="Y",$D13=L$3,$C13=0),'bid input'!$F7,0))*L$4 -> 0 | M13: =SUM(G13:L13) -> 0
B14: =+'bid input'!B8 -> 1104139 | C14: =+'bid input'!H8 -> 1 | D14: =+'bid input'!I8 -> 0 | E14: =+IF('bid input'!O8=1,"Y","N") -> N | F14: =+'bid input'!K8 -> 0 | G14: =+IF(AND($E14="Y",$C14=G$2,$C14>0),'bid input'!$F8,IF(AND($E14="Y",$D14=G$3,$C14=0),'bid input'!$F8,0))*G$4 -> 0 | H14: =+IF(AND($E14="Y",$C14=H$2,$C14>0),'bid input'!$F8,IF(AND($E14="Y",$D14=H$3,$C14=0),'bid input'!$F8,0))*H$4 -> 0 | I14: =+IF(AND($E14="Y",$C14=I$2,$C14>0),'bid input'!$F8,IF(AND($E14="Y",$D14=I$3,$C14=0),'bid input'!$F8,0))*I$4 -> 0 | J14: =+IF(AND($E14="Y",$C14=J$2,$C14>0),'bid input'!$F8,IF(AND($E14="Y",$D14=J$3,$C14=0),'bid input'!$F8,0))*J$4 -> 0 | K14: =+IF(AND($E14="Y",$C14=K$2,$C14>0),'bid input'!$F8,IF(AND($E14="Y",$D14=K$3,$C14=0),'bid input'!$F8,0))*K$4 -> 0 | L14: =+IF(AND($E14="Y",$C14=L$2,$C14>0),'bid input'!$F8,IF(AND($E14="Y",$D14=L$3,$C14=0),'bid input'!$F8,0))*L$4 -> 0 | M14: =SUM(G14:L14) -> 0
B15: =+'bid input'!B9 -> 1104140 | C15: =+'bid input'!H9 -> 5 | D15: =+'bid input'!I9 -> 0 | E15: =+IF('bid input'!O9=1,"Y","N") -> N | F15: =+'bid input'!K9 -> 0 | G15: =+IF(AND($E15="Y",$C15=G$2,$C15>0),'bid input'!$F9,IF(AND($E15="Y",$D15=G$3,$C15=0),'bid input'!$F9,0))*G$4 -> 0 | H15: =+IF(AND($E15="Y",$C15=H$2,$C15>0),'bid input'!$F9,IF(AND($E15="Y",$D15=H$3,$C15=0),'bid input'!$F9,0))*H$4 -> 0 | I15: =+IF(AND($E15="Y",$C15=I$2,$C15>0),'bid input'!$F9,IF(AND($E15="Y",$D15=I$3,$C15=0),'bid input'!$F9,0))*I$4 -> 0 | J15: =+IF(AND($E15="Y",$C15=J$2,$C15>0),'bid input'!$F9,IF(AND($E15="Y",$D15=J$3,$C15=0),'bid input'!$F9,0))*J$4 -> 0 | K15: =+IF(AND($E15="Y",$C15=K$2,$C15>0),'bid input'!$F9,IF(AND($E15="Y",$D15=K$3,$C15=0),'bid input'!$F9,0))*K$4 -> 0 | L15: =+IF(AND($E15="Y",$C15=L$2,$C15>0),'bid input'!$F9,IF(AND($E15="Y",$D15=L$3,$C15=0),'bid input'!$F9,0))*L$4 -> 0 | M15: =SUM(G15:L15) -> 0
B16: =+'bid input'!B10 -> 1104141 | C16: =+'bid input'!H10 -> 5 | D16: =+'bid input'!I10 -> 0 | E16: =+IF('bid input'!O10=1,"Y","N") -> N | F16: =+'bid input'!K10 -> 0 | G16: =+IF(AND($E16="Y",$C16=G$2,$C16>0),'bid input'!$F10,IF(AND($E16="Y",$D16=G$3,$C16=0),'bid input'!$F10,0))*G$4 -> 0 | H16: =+IF(AND($E16="Y",$C16=H$2,$C16>0),'bid input'!$F10,IF(AND($E16="Y",$D16=H$3,$C16=0),'bid input'!$F10,0))*H$4 -> 0 | I16: =+IF(AND($E16="Y",$C16=I$2,$C16>0),'bid input'!$F10,IF(AND($E16="Y",$D16=I$3,$C16=0),'bid input'!$F10,0))*I$4 -> 0 | J16: =+IF(AND($E16="Y",$C16=J$2,$C16>0),'bid input'!$F10,IF(AND($E16="Y",$D16=J$3,$C16=0),'bid input'!$F10,0))*J$4 -> 0 | K16: =+IF(AND($E16="Y",$C16=K$2,$C16>0),'bid input'!$F10,IF(AND($E16="Y",$D16=K$3,$C16=0),'bid input'!$F10,0))*K$4 -> 0 | L16: =+IF(AND($E16="Y",$C16=L$2,$C16>0),'bid input'!$F10,IF(AND($E16="Y",$D16=L$3,$C16=0),'bid input'!$F10,0))*L$4 -> 0 | M16: =SUM(G16:L16) -> 0
B17: =+'bid input'!B11 -> 1104159 | C17: =+'bid input'!H11 -> 1 | D17: =+'bid input'!I11 -> 0 | E17: =+IF('bid input'!O11=1,"Y","N") -> N | F17: =+'bid input'!K11 -> 0 | G17: =+IF(AND($E17="Y",$C17=G$2,$C17>0),'bid input'!$F11,IF(AND($E17="Y",$D17=G$3,$C17=0),'bid input'!$F11,0))*G$4 -> 0 | H17: =+IF(AND($E17="Y",$C17=H$2,$C17>0),'bid input'!$F11,IF(AND($E17="Y",$D17=H$3,$C17=0),'bid input'!$F11,0))*H$4 -> 0 | I17: =+IF(AND($E17="Y",$C17=I$2,$C17>0),'bid input'!$F11,IF(AND($E17="Y",$D17=I$3,$C17=0),'bid input'!$F11,0))*I$4 -> 0 | J17: =+IF(AND($E17="Y",$C17=J$2,$C17>0),'bid input'!$F11,IF(AND($E17="Y",$D17=J$3,$C17=0),'bid input'!$F11,0))*J$4 -> 0 | K17: =+IF(AND($E17="Y",$C17=K$2,$C17>0),'bid input'!$F11,IF(AND($E17="Y",$D17=K$3,$C17=0),'bid input'!$F11,0))*K$4 -> 0 | L17: =+IF(AND($E17="Y",$C17=L$2,$C17>0),'bid input'!$F11,IF(AND($E17="Y",$D17=L$3,$C17=0),'bid input'!$F11,0))*L$4 -> 0 | M17: =SUM(G17:L17) -> 0
B18: =+'bid input'!B12 -> 1104161 | C18: =+'bid input'!H12 -> 4 | D18: =+'bid input'!I12 -> 0 | E18: =+IF('bid input'!O12=1,"Y","N") -> N | F18: =+'bid input'!K12 -> 0 | G18: =+IF(AND($E18="Y",$C18=G$2,$C18>0),'bid input'!$F12,IF(AND($E18="Y",$D18=G$3,$C18=0),'bid input'!$F12,0))*G$4 -> 0 | H18: =+IF(AND($E18="Y",$C18=H$2,$C18>0),'bid input'!$F12,IF(AND($E18="Y",$D18=H$3,$C18=0),'bid input'!$F12,0))*H$4 -> 0 | I18: =+IF(AND($E18="Y",$C18=I$2,$C18>0),'bid input'!$F12,IF(AND($E18="Y",$D18=I$3,$C18=0),'bid input'!$F12,0))*I$4 -> 0 | J18: =+IF(AND($E18="Y",$C18=J$2,$C18>0),'bid input'!$F12,IF(AND($E18="Y",$D18=J$3,$C18=0),'bid input'!$F12,0))*J$4 -> 0 | K18: =+IF(AND($E18="Y",$C18=K$2,$C18>0),'bid input'!$F12,IF(AND($E18="Y",$D18=K$3,$C18=0),'bid input'!$F12,0))*K$4 -> 0 | L18: =+IF(AND($E18="Y",$C18=L$2,$C18>0),'bid input'!$F12,IF(AND($E18="Y",$D18=L$3,$C18=0),'bid input'!$F12,0))*L$4 -> 0 | M18: =SUM(G18:L18) -> 0
B19: =+'bid input'!B13 -> 1104145 | C19: =+'bid input'!H13 -> 1 | D19: =+'bid input'!I13 -> 0 | E19: =+IF('bid input'!O13=1,"Y","N") -> N | F19: =+'bid input'!K13 -> 0 | G19: =+IF(AND($E19="Y",$C19=G$2,$C19>0),'bid input'!$F13,IF(AND($E19="Y",$D19=G$3,$C19=0),'bid input'!$F13,0))*G$4 -> 0 | H19: =+IF(AND($E19="Y",$C19=H$2,$C19>0),'bid input'!$F13,IF(AND($E19="Y",$D19=H$3,$C19=0),'bid input'!$F13,0))*H$4 -> 0 | I19: =+IF(AND($E19="Y",$C19=I$2,$C19>0),'bid input'!$F13,IF(AND($E19="Y",$D19=I$3,$C19=0),'bid input'!$F13,0))*I$4 -> 0 | J19: =+IF(AND($E19="Y",$C19=J$2,$C19>0),'bid input'!$F13,IF(AND($E19="Y",$D19=J$3,$C19=0),'bid input'!$F13,0))*J$4 -> 0 | K19: =+IF(AND($E19="Y",$C19=K$2,$C19>0),'bid input'!$F13,IF(AND($E19="Y",$D19=K$3,$C19=0),'bid input'!$F13,0))*K$4 -> 0 | L19: =+IF(AND($E19="Y",$C19=L$2,$C19>0),'bid input'!$F13,IF(AND($E19="Y",$D19=L$3,$C19=0),'bid input'!$F13,0))*L$4 -> 0 | M19: =SUM(G19:L19) -> 0
... B27: =+'bid input'!B21 -> 1104158 | C27: =+'bid input'!H21 -> 1 | D27: =+'bid input'!I21 -> 0 | E27: =+IF('bid input'!O21=1,"Y","N") -> N | F27: =+'bid input'!K21 -> 0 | G27: =+IF(AND($E27="Y",$C27=G$2,$C27>0),'bid input'!$F21,IF(AND($E27="Y",$D27=G$3,$C27=0),'bid input'!$F21,0))*G$4 -> 0 | H27: =+IF(AND($E27="Y",$C27=H$2,$C27>0),'bid input'!$F21,IF(AND($E27="Y",$D27=H$3,$C27=0),'bid input'!$F21,0))*H$4 -> 0 | I27: =+IF(AND($E27="Y",$C27=I$2,$C27>0),'bid input'!$F21,IF(AND($E27="Y",$D27=I$3,$C27=0),'bid input'!$F21,0))*I$4 -> 0 | J27: =+IF(AND($E27="Y",$C27=J$2,$C27>0),'bid input'!$F21,IF(AND($E27="Y",$D27=J$3,$C27=0),'bid input'!$F21,0))*J$4 -> 0 | K27: =+IF(AND($E27="Y",$C27=K$2,$C27>0),'bid input'!$F21,IF(AND($E27="Y",$D27=K$3,$C27=0),'bid input'!$F21,0))*K$4 -> 0 | L27: =+IF(AND($E27="Y",$C27=L$2,$C27>0),'bid input'!$F21,IF(AND($E27="Y",$D27=L$3,$C27=0),'bid input'!$F21,0))*L$4 -> 0 | M27: =SUM(G27:L27) -> 0
D29: Total Specified/Competitive | G29: =SUM(G8:G28) -> 0 | H29: =SUM(H8:H28) -> 0 | I29: =SUM(I8:I28) -> 0 | J29: =SUM(J8:J28) -> 0 | K29: =SUM(K8:K28) -> 0 | L29: =SUM(L8:L28) -> 0 | M29: =SUM(G29:L29) -> 0
D30: WA Rate | G30: =+IF(G29>0,SUMPRODUCT($F$8:$F$27,G$8:G$27)/G$29,"") | H30: =+IF(H29>0,SUMPRODUCT($F$8:$F$27,H$8:H$27)/H$29,"") | I30: =+IF(I29>0,SUMPRODUCT($F$8:$F$27,I$8:I$27)/I$29,"") | J30: =+IF(J29>0,SUMPRODUCT($F$8:$F$27,J$8:J$27)/J$29,"") | K30: =+IF(K29>0,SUMPRODUCT($F$8:$F$27,K$8:K$27)/K$29,"") | L30: =+IF(L29>0,SUMPRODUCT($F$8:$F$27,L$8:L$27)/L$29,"") | M30: =+SUMPRODUCT(G29:L29,G30:L30)/M29 -> #DIV/0!
D32: Remaining need | G32: =+G4-G29 -> 318725 | H32: =+H4-H29 -> 375685 | I32: =+I4-I29 -> 479875 | J32: =+J4-J29 -> 525400 | K32: =+K4-K29 -> 515425 | L32: =+L4-L29 -> 485000 | M32: =SUM(G32:L32) -> 2700110
D33: Over(under)subscribed | G33: =+IF(G32=0,"NA",IF(G32<0,"OVER","UNDER")) -> UNDER | H33: =+IF(H32=0,"NA",IF(H32<0,"OVER","UNDER")) -> UNDER | I33: =+IF(I32=0,"NA",IF(I32<0,"OVER","UNDER")) -> UNDER | J33: =+IF(J32=0,"NA",IF(J32<0,"OVER","UNDER")) -> UNDER | K33: =+IF(K32=0,"NA",IF(K32<0,"OVER","UNDER")) -> UNDER | L33: =+IF(L32=0,"NA",IF(L32<0,"OVER","UNDER")) -> UNDER | M33: =+IF(M32=0,"NA",IF(M32<0,"OVER","UNDER")) -> UNDER
A35: Step 3 of process - Assets are assigned Specified/Non Competitive bids:
B36: Bid ID | C36: Loan # | D36: MO | E36: Specific & NonCompetitive? | F36: Rate >> | G36: 0.035 | H36: =+G36 -> 0.035 | I36: =+H36 -> 0.035 | J36: =+I36 -> 0.035 | K36: =+J36 -> 0.035 | L36: =+K36 -> 0.035
B37: =+B8 -> 1104134 | C37: =+C8 -> 1 | D37: =+D8 -> 0 | E37: =+IF('bid input'!P2=1,"Y","N") -> Y | G37: =+IF(AND($E37="Y",$C37=G$2,$C37>0),'bid input'!$F2,IF(AND($E37="Y",$D37=G$3,$C37=0),'bid input'!$F2,0))*G$4 -> 63745 | H37: =+IF(AND($E37="Y",$C37=H$2,$C37>0),'bid input'!$F2,IF(AND($E37="Y",$D37=H$3,$C37=0),'bid input'!$F2,0))*H$4 -> 0 | I37: =+IF(AND($E37="Y",$C37=I$2,$C37>0),'bid input'!$F2,IF(AND($E37="Y",$D37=I$3,$C37=0),'bid input'!$F2,0))*I$4 -> 0 | J37: =+IF(AND($E37="Y",$C37=J$2,$C37>0),'bid input'!$F2,IF(AND($E37="Y",$D37=J$3,$C37=0),'bid input'!$F2,0))*J$4 -> 0 | K37: =+IF(AND($E37="Y",$C37=K$2,$C37>0),'bid input'!$F2,IF(AND($E37="Y",$D37=K$3,$C37=0),'bid input'!$F2,0))*K$4 -> 0 | L37: =+IF(AND($E37="Y",$C37=L$2,$C37>0),'bid input'!$F2,IF(AND($E37="Y",$D37=L$3,$C37=0),'bid input'!$F2,0))*L$4 -> 0 | M37: =SUM(G37:L37) -> 63745
B38: =+B9 -> 1104143 | C38: =+C9 -> 0 | D38: =+D9 -> ABC Mortgage | E38: =+IF('bid input'!P3=1,"Y","N") -> Y | G38: =+IF(AND($E38="Y",$C38=G$2,$C38>0),'bid input'!$F3,IF(AND($E38="Y",$D38=G$3,$C38=0),'bid input'!$F3,0))*G$4 -> 63745 | H38: =+IF(AND($E38="Y",$C38=H$2,$C38>0),'bid input'!$F3,IF(AND($E38="Y",$D38=H$3,$C38=0),'bid input'!$F3,0))*H$4 -> 75137 | I38: =+IF(AND($E38="Y",$C38=I$2,$C38>0),'bid input'!$F3,IF(AND($E38="Y",$D38=I$3,$C38=0),'bid input'!$F3,0))*I$4 -> 0 | J38: =+IF(AND($E38="Y",$C38=J$2,$C38>0),'bid input'!$F3,IF(AND($E38="Y",$D38=J$3,$C38=0),'bid input'!$F3,0))*J$4 -> 0 | K38: =+IF(AND($E38="Y",$C38=K$2,$C38>0),'bid input'!$F3,IF(AND($E38="Y",$D38=K$3,$C38=0),'bid input'!$F3,0))*K$4 -> 0 | L38: =+IF(AND($E38="Y",$C38=L$2,$C38>0),'bid input'!$F3,IF(AND($E38="Y",$D38=L$3,$C38=0),'bid input'!$F3,0))*L$4 -> 0 | M38: =SUM(G38:L38) -> 138882
B39: =+B10 -> 1104154 | C39: =+C10 -> 2 | D39: =+D10 -> 0 | E39: =+IF('bid input'!P4=1,"Y","N") -> Y | G39: =+IF(AND($E39="Y",$C39=G$2,$C39>0),'bid input'!$F4,IF(AND($E39="Y",$D39=G$3,$C39=0),'bid input'!$F4,0))*G$4 -> 0 | H39: =+IF(AND($E39="Y",$C39=H$2,$C39>0),'bid input'!$F4,IF(AND($E39="Y",$D39=H$3,$C39=0),'bid input'!$F4,0))*H$4 -> 75137 | I39: =+IF(AND($E39="Y",$C39=I$2,$C39>0),'bid input'!$F4,IF(AND($E39="Y",$D39=I$3,$C39=0),'bid input'!$F4,0))*I$4 -> 0 | J39: =+IF(AND($E39="Y",$C39=J$2,$C39>0),'bid input'!$F4,IF(AND($E39="Y",$D39=J$3,$C39=0),'bid input'!$F4,0))*J$4 -> 0 | K39: =+IF(AND($E39="Y",$C39=K$2,$C39>0),'bid input'!$F4,IF(AND($E39="Y",$D39=K$3,$C39=0),'bid input'!$F4,0))*K$4 -> 0 | L39: =+IF(AND($E39="Y",$C39=L$2,$C39>0),'bid input'!$F4,IF(AND($E39="Y",$D39=L$3,$C39=0),'bid input'!$F4,0))*L$4 -> 0 | M39: =SUM(G39:L39) -> 75137
B40: =+B11 -> 1104152 | C40: =+C11 -> 0 | D40: =+D11 -> Prime Lending | E40: =+IF('bid input'!P5=1,"Y","N") -> Y | G40: =+IF(AND($E40="Y",$C40=G$2,$C40>0),'bid input'!$F5,IF(AND($E40="Y",$D40=G$3,$C40=0),'bid input'!$F5,0))*G$4 -> 0 | H40: =+IF(AND($E40="Y",$C40=H$2,$C40>0),'bid input'!$F5,IF(AND($E40="Y",$D40=H$3,$C40=0),'bid input'!$F5,0))*H$4 -> 0 | I40: =+IF(AND($E40="Y",$C40=I$2,$C40>0),'bid input'!$F5,IF(AND($E40="Y",$D40=I$3,$C40=0),'bid input'!$F5,0))*I$4 -> 95975 | J40: =+IF(AND($E40="Y",$C40=J$2,$C40>0),'bid input'!$F5,IF(AND($E40="Y",$D40=J$3,$C40=0),'bid input'!$F5,0))*J$4 -> 105080 | K40: =+IF(AND($E40="Y",$C40=K$2,$C40>0),'bid input'!$F5,IF(AND($E40="Y",$D40=K$3,$C40=0),'bid input'!$F5,0))*K$4 -> 0 | L40: =+IF(AND($E40="Y",$C40=L$2,$C40>0),'bid input'!$F5,IF(AND($E40="Y",$D40=L$3,$C40=0),'bid input'!$F5,0))*L$4 -> 0 | M40: =SUM(G40:L40) -> 201055
B41: =+B12 -> 1104136 | C41: =+C12 -> 4 | D41: =+D12 -> 0 | E41: =+IF('bid input'!P6=1,"Y","N") -> Y | G41: =+IF(AND($E41="Y",$C41=G$2,$C41>0),'bid input'!$F6,IF(AND($E41="Y",$D41=G$3,$C41=0),'bid input'!$F6,0))*G$4 -> 0 | H41: =+IF(AND($E41="Y",$C41=H$2,$C41>0),'bid input'!$F6,IF(AND($E41="Y",$D41=H$3,$C41=0),'bid input'!$F6,0))*H$4 -> 0 | I41: =+IF(AND($E41="Y",$C41=I$2,$C41>0),'bid input'!$F6,IF(AND($E41="Y",$D41=I$3,$C41=0),'bid input'!$F6,0))*I$4 -> 0 | J41: =+IF(AND($E41="Y",$C41=J$2,$C41>0),'bid input'!$F6,IF(AND($E41="Y",$D41=J$3,$C41=0),'bid input'!$F6,0))*J$4 -> 105080 | K41: =+IF(AND($E41="Y",$C41=K$2,$C41>0),'bid input'!$F6,IF(AND($E41="Y",$D41=K$3,$C41=0),'bid input'!$F6,0))*K$4 -> 0 | L41: =+IF(AND($E41="Y",$C41=L$2,$C41>0),'bid input'!$F6,IF(AND($E41="Y",$D41=L$3,$C41=0),'bid input'!$F6,0))*L$4 -> 0 | M41: =SUM(G41:L41) -> 105080
B42: =+B13 -> 1104138 | C42: =+C13 -> 0 | D42: =+D13 -> Best Loans Inc | E42: =+IF('bid input'!P7=1,"Y","N") -> Y | G42: =+IF(AND($E42="Y",$C42=G$2,$C42>0),'bid input'!$F7,IF(AND($E42="Y",$D42=G$3,$C42=0),'bid input'!$F7,0))*G$4 -> 0 | H42: =+IF(AND($E42="Y",$C42=H$2,$C42>0),'bid input'!$F7,IF(AND($E42="Y",$D42=H$3,$C42=0),'bid input'!$F7,0))*H$4 -> 0 | I42: =+IF(AND($E42="Y",$C42=I$2,$C42>0),'bid input'!$F7,IF(AND($E42="Y",$D42=I$3,$C42=0),'bid input'!$F7,0))*I$4 -> 0 | J42: =+IF(AND($E42="Y",$C42=J$2,$C42>0),'bid input'!$F7,IF(AND($E42="Y",$D42=J$3,$C42=0),'bid input'!$F7,0))*J$4 -> 0 | K42: =+IF(AND($E42="Y",$C42=K$2,$C42>0),'bid input'!$F7,IF(AND($E42="Y",$D42=K$3,$C42=0),'bid input'!$F7,0))*K$4 -> 103085 | L42: =+IF(AND($E42="Y",$C42=L$2,$C42>0),'bid input'!$F7,IF(AND($E42="Y",$D42=L$3,$C42=0),'bid input'!$F7,0))*L$4 -> 0 | M42: =SUM(G42:L42) -> 103085
B43: =+B14 -> 1104139 | C43: =+C14 -> 1 | D43: =+D14 -> 0 | E43: =+IF('bid input'!P8=1,"Y","N") -> Y | G43: =+IF(AND($E43="Y",$C43=G$2,$C43>0),'bid input'!$F8,IF(AND($E43="Y",$D43=G$3,$C43=0),'bid input'!$F8,0))*G$4 -> 63745 | H43: =+IF(AND($E43="Y",$C43=H$2,$C43>0),'bid input'!$F8,IF(AND($E43="Y",$D43=H$3,$C43=0),'bid input'!$F8,0))*H$4 -> 0 | I43: =+IF(AND($E43="Y",$C43=I$2,$C43>0),'bid input'!$F8,IF(AND($E43="Y",$D43=I$3,$C43=0),'bid input'!$F8,0))*I$4 -> 0 | J43: =+IF(AND($E43="Y",$C43=J$2,$C43>0),'bid input'!$F8,IF(AND($E43="Y",$D43=J$3,$C43=0),'bid input'!$F8,0))*J$4 -> 0 | K43: =+IF(AND($E43="Y",$C43=K$2,$C43>0),'bid input'!$F8,IF(AND($E43="Y",$D43=K$3,$C43=0),'bid input'!$F8,0))*K$4 -> 0 | L43: =+IF(AND($E43="Y",$C43=L$2,$C43>0),'bid input'!$F8,IF(AND($E43="Y",$D43=L$3,$C43=0),'bid input'!$F8,0))*L$4 -> 0 | M43: =SUM(G43:L43) -> 63745
B44: =+B15 -> 1104140 | C44: =+C15 -> 5 | D44: =+D15 -> 0 | E44: =+IF('bid input'!P9=1,"Y","N") -> Y | G44: =+IF(AND($E44="Y",$C44=G$2,$C44>0),'bid input'!$F9,IF(AND($E44="Y",$D44=G$3,$C44=0),'bid input'!$F9,0))*G$4 -> 0 | H44: =+IF(AND($E44="Y",$C44=H$2,$C44>0),'bid input'!$F9,IF(AND($E44="Y",$D44=H$3,$C44=0),'bid input'!$F9,0))*H$4 -> 0 | I44: =+IF(AND($E44="Y",$C44=I$2,$C44>0),'bid input'!$F9,IF(AND($E44="Y",$D44=I$3,$C44=0),'bid input'!$F9,0))*I$4 -> 0 | J44: =+IF(AND($E44="Y",$C44=J$2,$C44>0),'bid input'!$F9,IF(AND($E44="Y",$D44=J$3,$C44=0),'bid input'!$F9,0))*J$4 -> 0 | K44: =+IF(AND($E44="Y",$C44=K$2,$C44>0),'bid input'!$F9,IF(AND($E44="Y",$D44=K$3,$C44=0),'bid input'!$F9,0))*K$4 -> 103085 | L44: =+IF(AND($E44="Y",$C44=L$2,$C44>0),'bid input'!$F9,IF(AND($E44="Y",$D44=L$3,$C44=0),'bid input'!$F9,0))*L$4 -> 0 | M44: =SUM(G44:L44) -> 103085
B45: =+B16 -> 1104141 | C45: =+C16 -> 5 | D45: =+D16 -> 0 | E45: =+IF('bid input'!P10=1,"Y","N") -> Y | G45: =+IF(AND($E45="Y",$C45=G$2,$C45>0),'bid input'!$F10,IF(AND($E45="Y",$D45=G$3,$C45=0),'bid input'!$F10,0))*G$4 -> 0 | H45: =+IF(AND($E45="Y",$C45=H$2,$C45>0),'bid input'!$F10,IF(AND($E45="Y",$D45=H$3,$C45=0),'bid input'!$F10,0))*H$4 -> 0 | I45: =+IF(AND($E45="Y",$C45=I$2,$C45>0),'bid input'!$F10,IF(AND($E45="Y",$D45=I$3,$C45=0),'bid input'!$F10,0))*I$4 -> 0 | J45: =+IF(AND($E45="Y",$C45=J$2,$C45>0),'bid input'!$F10,IF(AND($E45="Y",$D45=J$3,$C45=0),'bid input'!$F10,0))*J$4 -> 0 | K45: =+IF(AND($E45="Y",$C45=K$2,$C45>0),'bid input'!$F10,IF(AND($E45="Y",$D45=K$3,$C45=0),'bid input'!$F10,0))*K$4 -> 103085 | L45: =+IF(AND($E45="Y",$C45=L$2,$C45>0),'bid input'!$F10,IF(AND($E45="Y",$D45=L$3,$C45=0),'bid input'!$F10,0))*L$4 -> 0 | M45: =SUM(G45:L45) -> 103085
B46: =+B17 -> 1104159 | C46: =+C17 -> 1 | D46: =+D17 -> 0 | E46: =+IF('bid input'!P11=1,"Y","N") -> Y | G46: =+IF(AND($E46="Y",$C46=G$2,$C46>0),'bid input'!$F11,IF(AND($E46="Y",$D46=G$3,$C46=0),'bid input'!$F11,0))*G$4 -> 63745 | H46: =+IF(AND($E46="Y",$C46=H$2,$C46>0),'bid input'!$F11,IF(AND($E46="Y",$D46=H$3,$C46=0),'bid input'!$F11,0))*H$4 -> 0 | I46: =+IF(AND($E46="Y",$C46=I$2,$C46>0),'bid input'!$F11,IF(AND($E46="Y",$D46=I$3,$C46=0),'bid input'!$F11,0))*I$4 -> 0 | J46: =+IF(AND($E46="Y",$C46=J$2,$C46>0),'bid input'!$F11,IF(AND($E46="Y",$D46=J$3,$C46=0),'bid input'!$F11,0))*J$4 -> 0 | K46: =+IF(AND($E46="Y",$C46=K$2,$C46>0),'bid input'!$F11,IF(AND($E46="Y",$D46=K$3,$C46=0),'bid input'!$F11,0))*K$4 -> 0 | L46: =+IF(AND($E46="Y",$C46=L$2,$C46>0),'bid input'!$F11,IF(AND($E46="Y",$D46=L$3,$C46=0),'bid input'!$F11,0))*L$4 -> 0 | M46: =SUM(G46:L46) -> 63745
B47: =+B18 -> 1104161 | C47: =+C18 -> 4 | D47: =+D18 -> 0 | E47: =+IF('bid input'!P12=1,"Y","N") -> Y | G47: =+IF(AND($E47="Y",$C47=G$2,$C47>0),'bid input'!$F12,IF(AND($E47="Y",$D47=G$3,$C47=0),'bid input'!$F12,0))*G$4 -> 0 | H47: =+IF(AND($E47="Y",$C47=H$2,$C47>0),'bid input'!$F12,IF(AND($E47="Y",$D47=H$3,$C47=0),'bid input'!$F12,0))*H$4 -> 0 | I47: =+IF(AND($E47="Y",$C47=I$2,$C47>0),'bid input'!$F12,IF(AND($E47="Y",$D47=I$3,$C47=0),'bid input'!$F12,0))*I$4 -> 0 | J47: =+IF(AND($E47="Y",$C47=J$2,$C47>0),'bid input'!$F12,IF(AND($E47="Y",$D47=J$3,$C47=0),'bid input'!$F12,0))*J$4 -> 105080 | K47: =+IF(AND($E47="Y",$C47=K$2,$C47>0),'bid input'!$F12,IF(AND($E47="Y",$D47=K$3,$C47=0),'bid input'!$F12,0))*K$4 -> 0 | L47: =+IF(AND($E47="Y",$C47=L$2,$C47>0),'bid input'!$F12,IF(AND($E47="Y",$D47=L$3,$C47=0),'bid input'!$F12,0))*L$4 -> 0 | M47: =SUM(G47:L47) -> 105080
B48: =+B19 -> 1104145 | C48: =+C19 -> 1 | D48: =+D19 -> 0 | E48: =+IF('bid input'!P13=1,"Y","N") -> Y | G48: =+IF(AND($E48="Y",$C48=G$2,$C48>0),'bid input'!$F13,IF(AND($E48="Y",$D48=G$3,$C48=0),'bid input'!$F13,0))*G$4 -> 31872.5 | H48: =+IF(AND($E48="Y",$C48=H$2,$C48>0),'bid input'!$F13,IF(AND($E48="Y",$D48=H$3,$C48=0),'bid input'!$F13,0))*H$4 -> 0 | I48: =+IF(AND($E48="Y",$C48=I$2,$C48>0),'bid input'!$F13,IF(AND($E48="Y",$D48=I$3,$C48=0),'bid input'!$F13,0))*I$4 -> 0 | J48: =+IF(AND($E48="Y",$C48=J$2,$C48>0),'bid input'!$F13,IF(AND($E48="Y",$D48=J$3,$C48=0),'bid input'!$F13,0))*J$4 -> 0 | K48: =+IF(AND($E48="Y",$C48=K$2,$C48>0),'bid input'!$F13,IF(AND($E48="Y",$D48=K$3,$C48=0),'bid input'!$F13,0))*K$4 -> 0 | L48: =+IF(AND($E48="Y",$C48=L$2,$C48>0),'bid input'!$F13,IF(AND($E48="Y",$D48=L$3,$C48=0),'bid input'!$F13,0))*L$4 -> 0 | M48: =SUM(G48:L48) -> 31872.5
... B50: =+B21 -> 1104149 | C50: =+C21 -> 5 | D50: =+D21 -> 0 | E50: =+IF('bid input'!P15=1,"Y","N") -> Y | G50: =+IF(AND($E50="Y",$C50=G$2,$C50>0),'bid input'!$F15,IF(AND($E50="Y",$D50=G$3,$C50=0),'bid input'!$F15,0))*G$4 -> 0 | H50: =+IF(AND($E50="Y",$C50=H$2,$C50>0),'bid input'!$F15,IF(AND($E50="Y",$D50=H$3,$C50=0),'bid input'!$F15,0))*H$4 -> 0 | I50: =+IF(AND($E50="Y",$C50=I$2,$C50>0),'bid input'!$F15,IF(AND($E50="Y",$D50=I$3,$C50=0),'bid input'!$F15,0))*I$4 -> 0 | J50: =+IF(AND($E50="Y",$C50=J$2,$C50>0),'bid input'!$F15,IF(AND($E50="Y",$D50=J$3,$C50=0),'bid input'!$F15,0))*J$4 -> 0 | K50: =+IF(AND($E50="Y",$C50=K$2,$C50>0),'bid input'!$F15,IF(AND($E50="Y",$D50=K$3,$C50=0),'bid input'!$F15,0))*K$4 -> 103085 | L50: =+IF(AND($E50="Y",$C50=L$2,$C50>0),'bid input'!$F15,IF(AND($E50="Y",$D50=L$3,$C50=0),'bid input'!$F15,0))*L$4 -> 0 | M50: =SUM(G50:L50) -> 103085
B51: =+B22 -> 1104151 | C51: =+C22 -> 1 | D51: =+D22 -> 0 | E51: =+IF('bid input'!P16=1,"Y","N") -> Y | G51: 31872.5 | H51: =+IF(AND($E51="Y",$C51=H$2,$C51>0),'bid input'!$F16,IF(AND($E51="Y",$D51=H$3,$C51=0),'bid input'!$F16,0))*H$4 -> 0 | I51: =+IF(AND($E51="Y",$C51=I$2,$C51>0),'bid input'!$F16,IF(AND($E51="Y",$D51=I$3,$C51=0),'bid input'!$F16,0))*I$4 -> 0 | J51: =+IF(AND($E51="Y",$C51=J$2,$C51>0),'bid input'!$F16,IF(AND($E51="Y",$D51=J$3,$C51=0),'bid input'!$F16,0))*J$4 -> 0 | K51: =+IF(AND($E51="Y",$C51=K$2,$C51>0),'bid input'!$F16,IF(AND($E51="Y",$D51=K$3,$C51=0),'bid input'!$F16,0))*K$4 -> 0 | L51: =+IF(AND($E51="Y",$C51=L$2,$C51>0),'bid input'!$F16,IF(AND($E51="Y",$D51=L$3,$C51=0),'bid input'!$F16,0))*L$4 -> 0 | M51: =SUM(G51:L51) -> 31872.5
B52: =+B23 -> 1104131 | C52: =+C23 -> 4 | D52: =+D23 -> 0 | E52: =+IF('bid input'!P17=1,"Y","N") -> Y | G52: =+IF(AND($E52="Y",$C52=G$2,$C52>0),'bid input'!$F17,IF(AND($E52="Y",$D52=G$3,$C52=0),'bid input'!$F17,0))*G$4 -> 0 | H52: =+IF(AND($E52="Y",$C52=H$2,$C52>0),'bid input'!$F17,IF(AND($E52="Y",$D52=H$3,$C52=0),'bid input'!$F17,0))*H$4 -> 0 | I52: =+IF(AND($E52="Y",$C52=I$2,$C52>0),'bid input'!$F17,IF(AND($E52="Y",$D52=I$3,$C52=0),'bid input'!$F17,0))*I$4 -> 0 | J52: =+IF(AND($E52="Y",$C52=J$2,$C52>0),'bid input'!$F17,IF(AND($E52="Y",$D52=J$3,$C52=0),'bid input'!$F17,0))*J$4 -> 105080 | K52: =+IF(AND($E52="Y",$C52=K$2,$C52>0),'bid input'!$F17,IF(AND($E52="Y",$D52=K$3,$C52=0),'bid input'!$F17,0))*K$4 -> 0 | L52: =+IF(AND($E52="Y",$C52=L$2,$C52>0),'bid input'!$F17,IF(AND($E52="Y",$D52=L$3,$C52=0),'bid input'!$F17,0))*L$4 -> 0 | M52: =SUM(G52:L52) -> 105080
B53: =+B24 -> 1104155 | C53: =+C24 -> 0 | D53: =+D24 -> Best Loans Inc | E53: =+IF('bid input'!P18=1,"Y","N") -> Y | G53: =+IF(AND($E53="Y",$C53=G$2,$C53>0),'bid input'!$F18,IF(AND($E53="Y",$D53=G$3,$C53=0),'bid input'!$F18,0))*G$4 -> 0 | H53: =+IF(AND($E53="Y",$C53=H$2,$C53>0),'bid input'!$F18,IF(AND($E53="Y",$D53=H$3,$C53=0),'bid input'!$F18,0))*H$4 -> 0 | I53: =+IF(AND($E53="Y",$C53=I$2,$C53>0),'bid input'!$F18,IF(AND($E53="Y",$D53=I$3,$C53=0),'bid input'!$F18,0))*I$4 -> 0 | J53: =+IF(AND($E53="Y",$C53=J$2,$C53>0),'bid input'!$F18,IF(AND($E53="Y",$D53=J$3,$C53=0),'bid input'!$F18,0))*J$4 -> 0 | K53: =+IF(AND($E53="Y",$C53=K$2,$C53>0),'bid input'!$F18,IF(AND($E53="Y",$D53=K$3,$C53=0),'bid input'!$F18,0))*K$4 -> 103085 | L53: =+IF(AND($E53="Y",$C53=L$2,$C53>0),'bid input'!$F18,IF(AND($E53="Y",$D53=L$3,$C53=0),'bid input'!$F18,0))*L$4 -> 0 | M53: =SUM(G53:L53) -> 103085
B54: =+B25 -> 1104156 | C54: =+C25 -> 2 | D54: =+D25 -> 0 | E54: =+IF('bid input'!P19=1,"Y","N") -> Y | G54: =+IF(AND($E54="Y",$C54=G$2,$C54>0),'bid input'!$F19,IF(AND($E54="Y",$D54=G$3,$C54=0),'bid input'!$F19,0))*G$4 -> 0 | H54: =+IF(AND($E54="Y",$C54=H$2,$C54>0),'bid input'!$F19,IF(AND($E54="Y",$D54=H$3,$C54=0),'bid input'!$F19,0))*H$4 -> 75137 | I54: =+IF(AND($E54="Y",$C54=I$2,$C54>0),'bid input'!$F19,IF(AND($E54="Y",$D54=I$3,$C54=0),'bid input'!$F19,0))*I$4 -> 0 | J54: =+IF(AND($E54="Y",$C54=J$2,$C54>0),'bid input'!$F19,IF(AND($E54="Y",$D54=J$3,$C54=0),'bid input'!$F19,0))*J$4 -> 0 | K54: =+IF(AND($E54="Y",$C54=K$2,$C54>0),'bid input'!$F19,IF(AND($E54="Y",$D54=K$3,$C54=0),'bid input'!$F19,0))*K$4 -> 0 | L54: =+IF(AND($E54="Y",$C54=L$2,$C54>0),'bid input'!$F19,IF(AND($E54="Y",$D54=L$3,$C54=0),'bid input'!$F19,0))*L$4 -> 0 | M54: =SUM(G54:L54) -> 75137
B55: =+B26 -> 1104157 | C55: =+C26 -> 0 | D55: =+D26 -> Best Loans Inc | E55: =+IF('bid input'!P20=1,"Y","N") -> Y | G55: =+IF(AND($E55="Y",$C55=G$2,$C55>0),'bid input'!$F20,IF(AND($E55="Y",$D55=G$3,$C55=0),'bid input'!$F20,0))*G$4 -> 0 | H55: =+IF(AND($E55="Y",$C55=H$2,$C55>0),'bid input'!$F20,IF(AND($E55="Y",$D55=H$3,$C55=0),'bid input'!$F20,0))*H$4 -> 0 | I55: =+IF(AND($E55="Y",$C55=I$2,$C55>0),'bid input'!$F20,IF(AND($E55="Y",$D55=I$3,$C55=0),'bid input'!$F20,0))*I$4 -> 0 | J55: =+IF(AND($E55="Y",$C55=J$2,$C55>0),'bid input'!$F20,IF(AND($E55="Y",$D55=J$3,$C55=0),'bid input'!$F20,0))*J$4 -> 0 | L55: =+IF(AND($E55="Y",$C55=L$2,$C55>0),'bid input'!$F20,IF(AND($E55="Y",$D55=L$3,$C55=0),'bid input'!$F20,0))*L$4 -> 0 | M55: =SUM(G55:L55) -> 0
B56: =+B27 -> 1104158 | C56: =+C27 -> 1 | D56: =+D27 -> 0 | E56: =+IF('bid input'!P21=1,"Y","N") -> Y | H56: =+IF(AND($E56="Y",$C56=H$2,$C56>0),'bid input'!$F21,IF(AND($E56="Y",$D56=H$3,$C56=0),'bid input'!$F21,0))*H$4 -> 0 | I56: =+IF(AND($E56="Y",$C56=I$2,$C56>0),'bid input'!$F21,IF(AND($E56="Y",$D56=I$3,$C56=0),'bid input'!$F21,0))*I$4 -> 0 | J56: =+IF(AND($E56="Y",$C56=J$2,$C56>0),'bid input'!$F21,IF(AND($E56="Y",$D56=J$3,$C56=0),'bid input'!$F21,0))*J$4 -> 0 | K56: =+IF(AND($E56="Y",$C56=K$2,$C56>0),'bid input'!$F21,IF(AND($E56="Y",$D56=K$3,$C56=0),'bid input'!$F21,0))*K$4 -> 0 | L56: =+IF(AND($E56="Y",$C56=L$2,$C56>0),'bid input'!$F21,IF(AND($E56="Y",$D56=L$3,$C56=0),'bid input'!$F21,0))*L$4 -> 0 | M56: =SUM(G56:L56) -> 0
D58: Total Specified/Noncompetitive | G58: =SUM(G37:G57) -> 318725 | H58: =SUM(H37:H57) -> 225411 | I58: =SUM(I37:I57) -> 95975 | J58: =SUM(J37:J57) -> 525400 | K58: =SUM(K37:K57) -> 515425 | L58: =SUM(L37:L57) -> 0 | M58: =SUM(G58:L58) -> 1680936
D59: WA Rate | G59: =+G36 -> 0.035 | H59: =+H36 -> 0.035 | I59: =+I36 -> 0.035 | J59: =+J36 -> 0.035 | K59: =+K36 -> 0.035 | L59: =+L36 -> 0.035 | M59: =+IF(M58=0,0,SUMPRODUCT(G58:L58,G59:L59)/M58) -> 0.035
D61: Remaining need | G61: =+G32-G58 -> 0 | H61: =+H32-H58 -> 150274 | I61: =+I32-I58 -> 383900 | J61: =+J32-J58 -> 0 | K61: =+K32-K58 -> 0 | L61: =+L32-L58 -> 485000 | M61: =+M32-M58 -> 1019174
D62: Over(under)subscribed | G62: =+IF(G61=0,"NA",IF(G61<0,"OVER","UNDER")) -> NA | H62: =+IF(H61=0,"NA",IF(H61<0,"OVER","UNDER")) -> UNDER | I62: =+IF(I61=0,"NA",IF(I61<0,"OVER","UNDER")) -> UNDER | J62: =+IF(J61=0,"NA",IF(J61<0,"OVER","UNDER")) -> NA | K62: =+IF(K61=0,"NA",IF(K61<0,"OVER","UNDER")) -> NA | L62: =+IF(L61=0,"NA",IF(L61<0,"OVER","UNDER")) -> UNDER | M62: =+IF(M61=0,"NA",IF(M61<0,"OVER","UNDER")) -> UNDER
A64: Step 4 of process - Market rate is determined:
D65: Cummulative | G65: =+G29+G58 -> 318725 | H65: =+H29+H58 -> 225411 | I65: =+I29+I58 -> 95975 | J65: =+J29+J58 -> 525400 | K65: =+K29+K58 -> 515425 | L65: =+L29+L58 -> 0 | M65: =+M29+M58 -> 1680936
D66: Subscription % | G66: =+G65/G4 -> 1 | H66: =+H65/H4 -> 0.6 | I66: =+I65/I4 -> 0.2 | J66: =+J65/J4 -> 1 | K66: =+K65/K4 -> 1 | L66: =+L65/L4 -> 0
D67: WA Rate | G67: =+IF(ISERR(IF(ISERR((G29*G30)+(G58*G59))/(G58+G29),G59,((G29*G30)+(G58*G59))/(G58+G29))),0,IF(ISERR((G29*G30)+(G58*G59))/(G58+G29),G59,((G29*G30)+(G58*G59))/(G58+G29))) -> 0.035 | H67: =+IF(ISERR(IF(ISERR((H29*H30)+(H58*H59))/(H58+H29),H59,((H29*H30)+(H58*H59))/(H58+H29))),0,IF(ISERR((H29*H30)+(H58*H59))/(H58+H29),H59,((H29*H30)+(H58*H59))/(H58+H29))) -> 0.035 | I67: =+IF(ISERR(IF(ISERR((I29*I30)+(I58*I59))/(I58+I29),I59,((I29*I30)+(I58*I59))/(I58+I29))),0,IF(ISERR((I29*I30)+(I58*I59))/(I58+I29),I59,((I29*I30)+(I58*I59))/(I58+I29))) -> 0.035 | J67: =+IF(ISERR(IF(ISERR((J29*J30)+(J58*J59))/(J58+J29),J59,((J29*J30)+(J58*J59))/(J58+J29))),0,IF(ISERR((J29*J30)+(J58*J59))/(J58+J29),J59,((J29*J30)+(J58*J59))/(J58+J29))) -> 0.035 | K67: =+IF(ISERR(IF(ISERR((K29*K30)+(K58*K59))/(K58+K29),K59,((K29*K30)+(K58*K59))/(K58+K29))),0,IF(ISERR((K29*K30)+(K58*K59))/(K58+K29),K59,((K29*K30)+(K58*K59))/(K58+K29))) -> 0.035 | L67: =+IF(ISERR(IF(ISERR((L29*L30)+(L58*L59))/(L58+L29),L59,((L29*L30)+(L58*L59))/(L58+L29))),0,IF(ISERR((L29*L30)+(L58*L59))/(L58+L29),L59,((L29*L30)+(L58*L59))/(L58+L29))) -> 0 | M67: =+IF(ISERR(IF(ISERR((M29*M30)+(M58*M59))/(M58+M29),M59,((M29*M30)+(M58*M59))/(M58+M29))),0,IF(ISERR((M29*M30)+(M58*M59))/(M58+M29),M59,((M29*M30)+(M58*M59))/(M58+M29))) -> 0.035
A69: Step 5 of process - General/Competitive bids are assigned to undersubscribed assets:
B70: Bid ID | C70: General & Competitive? | D70: Rate | E70: Aggregate $ | G70: rank ascending | I70: Allocated & accepted | J70: Timestamp | K70: format-rank | L70: re-rank | M70: Rank + Time | N70: final-rank | O70: Rate | P70: Bid ID | R70: New rank | S70: Rank + Time | T70: Rate | U70: Bid ID
B71: =+'bid input'!B2 -> 1104134 | C71: =+IF('bid input'!Q2=1,"Y","N") -> N | D71: =+IF(C71="N",,'bid input'!K2) -> 0 | E71: =+MIN('bid input'!D2,'bid input'!M2) -> 187500 | F71: =+IF(D71>0,E71,0) -> 0 | G71: =+IF($F71>0,RANK($D71,$D$71:$D$90,1),) -> 0 | H71: =+IF(ISERROR(VLOOKUP(B71,$J$96:$K$115,2,FALSE)),0,VLOOKUP(B71,$J$96:$K$115,2,FALSE)) -> 0 | I71: =+IF(ISERROR(VLOOKUP(B71,$J$96:$K$115,2,FALSE)),0,VLOOKUP(B71,$J$96:$K$115,2,FALSE)) -> 0 | J71: =VLOOKUP(B71,'bid input'!B:S,18,FALSE) -> 40928.625 | K71: =IF(G71=0,"",G71) | L71: =IF(ISERROR(RANK(K71,K$71:K$90,1)),0,RANK(K71,K$71:K$90,1)) -> 0 | M71: =VALUE(L71&J71) -> 40928.625 | N71: =IF(L71=0,0,COUNT(M$71:M$90)-(RANK(M71,M$71:M$90,0)+COUNTIF(M71:M$71,M71))+2) -> 0 | O71: =D71 -> 0 | P71: =B71 -> 1104134 | R71: =OFFSET(N$71,MATCH(SMALL(N$71:N$90,ROW()-ROW(R$71)+1),N$71:N$90,0)-1,0) -> 0 | S71: =OFFSET(M$71,MATCH(SMALL(N$71:N$90,ROW()-ROW(R$71)+1),N$71:N$90,0)-1,0) -> 40928.625 | T71: =VLOOKUP(S71,M$71:O$90,3,FALSE) -> 0 | U71: =VLOOKUP(S71,M$71:P$90,4,FALSE) -> 1104134
B72: =+'bid input'!B3 -> 1104143 | C72: =+IF('bid input'!Q3=1,"Y","N") -> N | D72: =+IF(C72="N",,'bid input'!K3) -> 0 | E72: =+MIN('bid input'!D3,'bid input'!M3) -> 500000 | F72: =+IF(D72>0,E72,0) -> 0 | G72: =+IF($F72>0,RANK($D72,$D$71:$D$90,1),) -> 0 | H72: =+IF(ISERROR(VLOOKUP(B72,$J$96:$K$115,2,FALSE)),0,VLOOKUP(B72,$J$96:$K$115,2,FALSE)) -> 0 | I72: =+IF(ISERROR(VLOOKUP(B72,$J$96:$K$115,2,FALSE)),0,VLOOKUP(B72,$J$96:$K$115,2,FALSE)) -> 0 | J72: =VLOOKUP(B72,'bid input'!B:S,18,FALSE) -> 40928.625 | K72: =IF(G72=0,"",G72) | L72: =IF(ISERROR(RANK(K72,K$71:K$90,1)),0,RANK(K72,K$71:K$90,1)) -> 0 | M72: =VALUE(L72&J72) -> 40928.625 | N72: =IF(L72=0,0,COUNT(M$71:M$90)-(RANK(M72,M$71:M$90,0)+COUNTIF(M$71:M72,M72))+2) -> 0 | O72: =D72 -> 0 | P72: =B72 -> 1104143 | R72: =OFFSET(N$71,MATCH(SMALL(N$71:N$90,ROW()-ROW(R$71)+1),N$71:N$90,0)-1,0) -> 0 | S72: =OFFSET(M$71,MATCH(SMALL(N$71:N$90,ROW()-ROW(R$71)+1),N$71:N$90,0)-1,0) -> 40928.625 | T72: =VLOOKUP(S72,M$71:O$90,3,FALSE) -> 0 | U72: =VLOOKUP(S72,M$71:P$90,4,FALSE) -> 1104134
B73: =+'bid input'!B4 -> 1104154 | C73: =+IF('bid input'!Q4=1,"Y","N") -> N | D73: =+IF(C73="N",,'bid input'!K4) -> 0 | E73: =+MIN('bid input'!D4,'bid input'!M4) -> 185000 | F73: =+IF(D73>0,E73,0) -> 0 | G73: =+IF($F73>0,RANK($D73,$D$71:$D$90,1),) -> 0 | H73: =+IF(ISERROR(VLOOKUP(B73,$J$96:$K$115,2,FALSE)),0,VLOOKUP(B73,$J$96:$K$115,2,FALSE)) -> 0 | I73: =+IF(ISERROR(VLOOKUP(B73,$J$96:$K$115,2,FALSE)),0,VLOOKUP(B73,$J$96:$K$115,2,FALSE)) -> 0 | J73: =VLOOKUP(B73,'bid input'!B:S,18,FALSE) -> 40928.625 | K73: =IF(G73=0,"",G73) | L73: =IF(ISERROR(RANK(K73,K$71:K$90,1)),0,RANK(K73,K$71:K$90,1)) -> 0 | M73: =VALUE(L73&J73) -> 40928.625 | N73: =IF(L73=0,0,COUNT(M$71:M$90)-(RANK(M73,M$71:M$90,0)+COUNTIF(M$71:M73,M73))+2) -> 0 | O73: =D73 -> 0 | P73: =B73 -> 1104154 | R73: =OFFSET(N$71,MATCH(SMALL(N$71:N$90,ROW()-ROW(R$71)+1),N$71:N$90,0)-1,0) -> 0 | S73: =OFFSET(M$71,MATCH(SMALL(N$71:N$90,ROW()-ROW(R$71)+1),N$71:N$90,0)-1,0) -> 40928.625 | T73: =VLOOKUP(S73,M$71:O$90,3,FALSE) -> 0 | U73: =VLOOKUP(S73,M$71:P$90,4,FALSE) -> 1104134
B74: =+'bid input'!B5 -> 1104152 | C74: =+IF('bid input'!Q5=1,"Y","N") -> N | D74: =+IF(C74="N",,'bid input'!K5) -> 0 | E74: =+MIN('bid input'!D5,'bid input'!M5) -> 1500000 | F74: =+IF(D74>0,E74,0) -> 0 | G74: =+IF($F74>0,RANK($D74,$D$71:$D$90,1),) -> 0 | H74: =+IF(ISERROR(VLOOKUP(B74,$J$96:$K$115,2,FALSE)),0,VLOOKUP(B74,$J$96:$K$115,2,FALSE)) -> 0 | I74: =+IF(ISERROR(VLOOKUP(B74,$J$96:$K$115,2,FALSE)),0,VLOOKUP(B74,$J$96:$K$115,2,FALSE)) -> 0 | J74: =VLOOKUP(B74,'bid input'!B:S,18,FALSE) -> 40928.625 | K74: =IF(G74=0,"",G74) | L74: =IF(ISERROR(RANK(K74,K$71:K$90,1)),0,RANK(K74,K$71:K$90,1)) -> 0 | M74: =VALUE(L74&J74) -> 40928.625 | N74: =IF(L74=0,0,COUNT(M$71:M$90)-(RANK(M74,M$71:M$90,0)+COUNTIF(M$71:M74,M74))+2) -> 0 | O74: =D74 -> 0 | P74: =B74 -> 1104152 | R74: =OFFSET(N$71,MATCH(SMALL(N$71:N$90,ROW()-ROW(R$71)+1),N$71:N$90,0)-1,0) -> 0 | S74: =OFFSET(M$71,MATCH(SMALL(N$71:N$90,ROW()-ROW(R$71)+1),N$71:N$90,0)-1,0) -> 40928.625 | T74: =VLOOKUP(S74,M$71:O$90,3,FALSE) -> 0 | U74: =VLOOKUP(S74,M$71:P$90,4,FALSE) -> 1104134
B75: =+'bid input'!B6 -> 1104136 | C75: =+IF('bid input'!Q6=1,"Y","N") -> N | D75: =+IF(C75="N",,'bid input'!K6) -> 0 | E75: =+MIN('bid input'!D6,'bid input'!M6) -> 860000 | F75: =+IF(D75>0,E75,0) -> 0 | G75: =+IF($F75>0,RANK($D75,$D$71:$D$90,1),) -> 0 | H75: =+IF(ISERROR(VLOOKUP(B75,$J$96:$K$115,2,FALSE)),0,VLOOKUP(B75,$J$96:$K$115,2,FALSE)) -> 0 | I75: =+IF(ISERROR(VLOOKUP(B75,$J$96:$K$115,2,FALSE)),0,VLOOKUP(B75,$J$96:$K$115,2,FALSE)) -> 0 | J75: =VLOOKUP(B75,'bid input'!B:S,18,FALSE) -> 40928.713 | K75: =IF(G75=0,"",G75) | L75: =IF(ISERROR(RANK(K75,K$71:K$90,1)),0,RANK(K75,K$71:K$90,1)) -> 0 | M75: =VALUE(L75&J75) -> 40928.713 | N75: =IF(L75=0,0,COUNT(M$71:M$90)-(RANK(M75,M$71:M$90,0)+COUNTIF(M$71:M75,M75))+2) -> 0 | O75: =D75 -> 0 | P75: =B75 -> 1104136 | R75: =OFFSET(N$71,MATCH(SMALL(N$71:N$90,ROW()-ROW(R$71)+1),N$71:N$90,0)-1,0) -> 0 | S75: =OFFSET(M$71,MATCH(SMALL(N$71:N$90,ROW()-ROW(R$71)+1),N$71:N$90,0)-1,0) -> 40928.625 | T75: =VLOOKUP(S75,M$71:O$90,3,FALSE) -> 0 | U75: =VLOOKUP(S75,M$71:P$90,4,FALSE) -> 1104134
B76: =+'bid input'!B7 -> 1104138 | C76: =+IF('bid input'!Q7=1,"Y","N") -> N | D76: =+IF(C76="N",,'bid input'!K7) -> 0 | E76: =+MIN('bid input'!D7,'bid input'!M7) -> 300000 | F76: =+IF(D76>0,E76,0) -> 0 | G76: =+IF($F76>0,RANK($D76,$D$71:$D$90,1),) -> 0 | H76: =+IF(ISERROR(VLOOKUP(B76,$J$96:$K$115,2,FALSE)),0,VLOOKUP(B76,$J$96:$K$115,2,FALSE)) -> 0 | I76: =+IF(ISERROR(VLOOKUP(B76,$J$96:$K$115,2,FALSE)),0,VLOOKUP(B76,$J$96:$K$115,2,FALSE)) -> 0 | J76: =VLOOKUP(B76,'bid input'!B:S,18,FALSE) -> 40928.773 | K76: =IF(G76=0,"",G76) | L76: =IF(ISERROR(RANK(K76,K$71:K$90,1)),0,RANK(K76,K$71:K$90,1)) -> 0 | M76: =VALUE(L76&J76) -> 40928.773 | N76: =IF(L76=0,0,COUNT(M$71:M$90)-(RANK(M76,M$71:M$90,0)+COUNTIF(M$71:M76,M76))+2) -> 0 | O76: =D76 -> 0 | P76: =B76 -> 1104138 | R76: =OFFSET(N$71,MATCH(SMALL(N$71:N$90,ROW()-ROW(R$71)+1),N$71:N$90,0)-1,0) -> 0 | S76: =OFFSET(M$71,MATCH(SMALL(N$71:N$90,ROW()-ROW(R$71)+1),N$71:N$90,0)-1,0) -> 40928.625 | T76: =VLOOKUP(S76,M$71:O$90,3,FALSE) -> 0 | U76: =VLOOKUP(S76,M$71:P$90,4,FALSE) -> 1104134
B77: =+'bid input'!B8 -> 1104139 | C77: =+IF('bid input'!Q8=1,"Y","N") -> N | D77: =+IF(C77="N",,'bid input'!K8) -> 0 | E77: =+MIN('bid input'!D8,'bid input'!M8) -> 250000 | F77: =+IF(D77>0,E77,0) -> 0 | G77: =+IF($F77>0,RANK($D77,$D$71:$D$90,1),) -> 0 | H77: =+IF(ISERROR(VLOOKUP(B77,$J$96:$K$115,2,FALSE)),0,VLOOKUP(B77,$J$96:$K$115,2,FALSE)) -> 0 | I77: =+IF(ISERROR(VLOOKUP(B77,$J$96:$K$115,2,FALSE)),0,VLOOKUP(B77,$J$96:$K$115,2,FALSE)) -> 0 | J77: =VLOOKUP(B77,'bid input'!B:S,18,FALSE) -> 40928.803 | K77: =IF(G77=0,"",G77) | L77: =IF(ISERROR(RANK(K77,K$71:K$90,1)),0,RANK(K77,K$71:K$90,1)) -> 0 | M77: =VALUE(L77&J77) -> 40928.803 | N77: =IF(L77=0,0,COUNT(M$71:M$90)-(RANK(M77,M$71:M$90,0)+COUNTIF(M$71:M77,M77))+2) -> 0 | O77: =D77 -> 0 | P77: =B77 -> 1104139 | R77: =OFFSET(N$71,MATCH(SMALL(N$71:N$90,ROW()-ROW(R$71)+1),N$71:N$90,0)-1,0) -> 0 | S77: =OFFSET(M$71,MATCH(SMALL(N$71:N$90,ROW()-ROW(R$71)+1),N$71:N$90,0)-1,0) -> 40928.625 | T77: =VLOOKUP(S77,M$71:O$90,3,FALSE) -> 0 | U77: =VLOOKUP(S77,M$71:P$90,4,FALSE) -> 1104134
B78: =+'bid input'!B9 -> 1104140 | C78: =+IF('bid input'!Q9=1,"Y","N") -> N | D78: =+IF(C78="N",,'bid input'!K9) -> 0 | E78: =+MIN('bid input'!D9,'bid input'!M9) -> 74000 | F78: =+IF(D78>0,E78,0) -> 0 | G78: =+IF($F78>0,RANK($D78,$D$71:$D$90,1),) -> 0 | H78: =+IF(ISERROR(VLOOKUP(B78,$J$96:$K$115,2,FALSE)),0,VLOOKUP(B78,$J$96:$K$115,2,FALSE)) -> 0 | I78: =+IF(ISERROR(VLOOKUP(B78,$J$96:$K$115,2,FALSE)),0,VLOOKUP(B78,$J$96:$K$115,2,FALSE)) -> 0 | J78: =VLOOKUP(B78,'bid input'!B:S,18,FALSE) -> 40928.833 | K78: =IF(G78=0,"",G78) | L78: =IF(ISERROR(RANK(K78,K$71:K$90,1)),0,RANK(K78,K$71:K$90,1)) -> 0 | M78: =VALUE(L78&J78) -> 40928.833 | N78: =IF(L78=0,0,COUNT(M$71:M$90)-(RANK(M78,M$71:M$90,0)+COUNTIF(M$71:M78,M78))+2) -> 0 | O78: =D78 -> 0 | P78: =B78 -> 1104140 | R78: =OFFSET(N$71,MATCH(SMALL(N$71:N$90,ROW()-ROW(R$71)+1),N$71:N$90,0)-1,0) -> 0 | S78: =OFFSET(M$71,MATCH(SMALL(N$71:N$90,ROW()-ROW(R$71)+1),N$71:N$90,0)-1,0) -> 40928.625 | T78: =VLOOKUP(S78,M$71:O$90,3,FALSE) -> 0 | U78: =VLOOKUP(S78,M$71:P$90,4,FALSE) -> 1104134
B79: =+'bid input'!B10 -> 1104141 | C79: =+IF('bid input'!Q10=1,"Y","N") -> N | D79: =+IF(C79="N",,'bid input'!K10) -> 0 | E79: =+MIN('bid input'!D10,'bid input'!M10) -> 285000 | F79: =+IF(D79>0,E79,0) -> 0 | G79: =+IF($F79>0,RANK($D79,$D$71:$D$90,1),) -> 0 | H79: =+IF(ISERROR(VLOOKUP(B79,$J$96:$K$115,2,FALSE)),0,VLOOKUP(B79,$J$96:$K$115,2,FALSE)) -> 0 | I79: =+IF(ISERROR(VLOOKUP(B79,$J$96:$K$115,2,FALSE)),0,VLOOKUP(B79,$J$96:$K$115,2,FALSE)) -> 0 | J79: =VLOOKUP(B79,'bid input'!B:S,18,FALSE) -> 40928.863 | K79: =IF(G79=0,"",G79) | L79: =IF(ISERROR(RANK(K79,K$71:K$90,1)),0,RANK(K79,K$71:K$90,1)) -> 0 | M79: =VALUE(L79&J79) -> 40928.863 | N79: =IF(L79=0,0,COUNT(M$71:M$90)-(RANK(M79,M$71:M$90,0)+COUNTIF(M$71:M79,M79))+2) -> 0 | O79: =D79 -> 0 | P79: =B79 -> 1104141 | R79: =OFFSET(N$71,MATCH(SMALL(N$71:N$90,ROW()-ROW(R$71)+1),N$71:N$90,0)-1,0) -> 0 | S79: =OFFSET(M$71,MATCH(SMALL(N$71:N$90,ROW()-ROW(R$71)+1),N$71:N$90,0)-1,0) -> 40928.625 | T79: =VLOOKUP(S79,M$71:O$90,3,FALSE) -> 0 | U79: =VLOOKUP(S79,M$71:P$90,4,FALSE) -> 1104134
B80: =+'bid input'!B11 -> 1104159 | C80: =+IF('bid input'!Q11=1,"Y","N") -> N | D80: =+IF(C80="N",,'bid input'!K11) -> 0 | E80: =+MIN('bid input'!D11,'bid input'!M11) -> 532000 | F80: =+IF(D80>0,E80,0) -> 0 | G80: =+IF($F80>0,RANK($D80,$D$71:$D$90,1),) -> 0 | H80: =+IF(ISERROR(VLOOKUP(B80,$J$96:$K$115,2,FALSE)),0,VLOOKUP(B80,$J$96:$K$115,2,FALSE)) -> 0 | I80: =+IF(ISERROR(VLOOKUP(B80,$J$96:$K$115,2,FALSE)),0,VLOOKUP(B80,$J$96:$K$115,2,FALSE)) -> 0 | J80: =VLOOKUP(B80,'bid input'!B:S,18,FALSE) -> 40928.903 | K80: =IF(G80=0,"",G80) | L80: =IF(ISERROR(RANK(K80,K$71:K$90,1)),0,RANK(K80,K$71:K$90,1)) -> 0 | M80: =VALUE(L80&J80) -> 40928.903 | N80: =IF(L80=0,0,COUNT(M$71:M$90)-(RANK(M80,M$71:M$90,0)+COUNTIF(M$71:M80,M80))+2) -> 0 | O80: =D80 -> 0 | P80: =B80 -> 1104159 | R80: =OFFSET(N$71,MATCH(SMALL(N$71:N$90,ROW()-ROW(R$71)+1),N$71:N$90,0)-1,0) -> 0 | S80: =OFFSET(M$71,MATCH(SMALL(N$71:N$90,ROW()-ROW(R$71)+1),N$71:N$90,0)-1,0) -> 40928.625 | T80: =VLOOKUP(S80,M$71:O$90,3,FALSE) -> 0 | U80: =VLOOKUP(S80,M$71:P$90,4,FALSE) -> 1104134
B81: =+'bid input'!B12 -> 1104161 | C81: =+IF('bid input'!Q12=1,"Y","N") -> N | D81: =+IF(C81="N",,'bid input'!K12) -> 0 | E81: =+MIN('bid input'!D12,'bid input'!M12) -> 292000 | F81: =+IF(D81>0,E81,0) -> 0 | G81: =+IF($F81>0,RANK($D81,$D$71:$D$90,1),) -> 0 | H81: =+IF(ISERROR(VLOOKUP(B81,$J$96:$K$115,2,FALSE)),0,VLOOKUP(B81,$J$96:$K$115,2,FALSE)) -> 0 | I81: =+IF(ISERROR(VLOOKUP(B81,$J$96:$K$115,2,FALSE)),0,VLOOKUP(B81,$J$96:$K$115,2,FALSE)) -> 0 | J81: =VLOOKUP(B81,'bid input'!B:S,18,FALSE) -> 40928.963 | K81: =IF(G81=0,"",G81) | L81: =IF(ISERROR(RANK(K81,K$71:K$90,1)),0,RANK(K81,K$71:K$90,1)) -> 0 | M81: =VALUE(L81&J81) -> 40928.963 | N81: =IF(L81=0,0,COUNT(M$71:M$90)-(RANK(M81,M$71:M$90,0)+COUNTIF(M$71:M81,M81))+2) -> 0 | O81: =D81 -> 0 | P81: =B81 -> 1104161 | R81: =OFFSET(N$71,MATCH(SMALL(N$71:N$90,ROW()-ROW(R$71)+1),N$71:N$90,0)-1,0) -> 0 | S81: =OFFSET(M$71,MATCH(SMALL(N$71:N$90,ROW()-ROW(R$71)+1),N$71:N$90,0)-1,0) -> 40928.625 | T81: =VLOOKUP(S81,M$71:O$90,3,FALSE) -> 0 | U81: =VLOOKUP(S81,M$71:P$90,4,FALSE) -> 1104134
B82: =+'bid input'!B13 -> 1104145 | C82: =+IF('bid input'!Q13=1,"Y","N") -> N | D82: =+IF(C82="N",,'bid input'!K13) -> 0 | E82: =+MIN('bid input'!D13,'bid input'!M13) -> 752000 | F82: =+IF(D82>0,E82,0) -> 0 | G82: =+IF($F82>0,RANK($D82,$D$71:$D$90,1),) -> 0 | H82: =+IF(ISERROR(VLOOKUP(B82,$J$96:$K$115,2,FALSE)),0,VLOOKUP(B82,$J$96:$K$115,2,FALSE)) -> 0 | I82: =+IF(ISERROR(VLOOKUP(B82,$J$96:$K$115,2,FALSE)),0,VLOOKUP(B82,$J$96:$K$115,2,FALSE)) -> 0 | J82: =VLOOKUP(B82,'bid input'!B:S,18,FALSE) -> 40928.983 | K82: =IF(G82=0,"",G82) | L82: =IF(ISERROR(RANK(K82,K$71:K$90,1)),0,RANK(K82,K$71:K$90,1)) -> 0 | M82: =VALUE(L82&J82) -> 40928.983 | N82: =IF(L82=0,0,COUNT(M$71:M$90)-(RANK(M82,M$71:M$90,0)+COUNTIF(M$71:M82,M82))+2) -> 0 | O82: =D82 -> 0 | P82: =B82 -> 1104145 | R82: =OFFSET(N$71,MATCH(SMALL(N$71:N$90,ROW()-ROW(R$71)+1),N$71:N$90,0)-1,0) -> 0 | S82: =OFFSET(M$71,MATCH(SMALL(N$71:N$90,ROW()-ROW(R$71)+1),N$71:N$90,0)-1,0) -> 40928.625 | T82: =VLOOKUP(S82,M$71:O$90,3,FALSE) -> 0 | U82: =VLOOKUP(S82,M$71:P$90,4,FALSE) -> 1104134
B83: =+'bid input'!B14 -> 1104133 | C83: =+IF('bid input'!Q14=1,"Y","N") -> N | D83: =+IF(C83="N",,'bid input'!K14) -> 0 | E83: =+MIN('bid input'!D14,'bid input'!M14) -> 418000 | F83: =+IF(D83>0,E83,0) -> 0 | G83: =+IF($F83>0,RANK($D83,$D$71:$D$90,1),) -> 0 | H83: =+IF(ISERROR(VLOOKUP(B83,$J$96:$K$115,2,FALSE)),0,VLOOKUP(B83,$J$96:$K$115,2,FALSE)) -> 0 | I83: =+IF(ISERROR(VLOOKUP(B83,$J$96:$K$115,2,FALSE)),0,VLOOKUP(B83,$J$96:$K$115,2,FALSE)) -> 0 | J83: =VLOOKUP(B83,'bid input'!B:S,18,FALSE) -> 40929.099 | K83: =IF(G83=0,"",G83) | L83: =IF(ISERROR(RANK(K83,K$71:K$90,1)),0,RANK(K83,K$71:K$90,1)) -> 0 | M83: =VALUE(L83&J83) -> 40929.099 | N83: =IF(L83=0,0,COUNT(M$71:M$90)-(RANK(M83,M$71:M$90,0)+COUNTIF(M$71:M83,M83))+2) -> 0 | O83: =D83 -> 0 | P83: =B83 -> 1104133 | R83: =OFFSET(N$71,MATCH(SMALL(N$71:N$90,ROW()-ROW(R$71)+1),N$71:N$90,0)-1,0) -> 0 | S83: =OFFSET(M$71,MATCH(SMALL(N$71:N$90,ROW()-ROW(R$71)+1),N$71:N$90,0)-1,0) -> 40928.625 | T83: =VLOOKUP(S83,M$71:O$90,3,FALSE) -> 0 | U83: =VLOOKUP(S83,M$71:P$90,4,FALSE) -> 1104134
... B90: =+'bid input'!B21 -> 1104158 | C90: =+IF('bid input'!Q21=1,"Y","N") -> N | D90: =+IF(C90="N",,'bid input'!K21) -> 0 | E90: =+MIN('bid input'!D21,'bid input'!M21) -> 562000 | F90: =+IF(D90>0,E90,0) -> 0 | G90: =+IF($F90>0,RANK($D90,$D$71:$D$90,1),) -> 0 | H90: =+IF(ISERROR(VLOOKUP(B90,$J$96:$K$115,2,FALSE)),0,VLOOKUP(B90,$J$96:$K$115,2,FALSE)) -> 0 | I90: =+IF(ISERROR(VLOOKUP(B90,$J$96:$K$115,2,FALSE)),0,VLOOKUP(B90,$J$96:$K$115,2,FALSE)) -> 0 | J90: =VLOOKUP(B90,'bid input'!B:S,18,FALSE) -> 40929.373 | K90: =IF(G90=0,"",G90) | L90: =IF(ISERROR(RANK(K90,K$71:K$90,1)),0,RANK(K90,K$71:K$90,1)) -> 0 | M90: =VALUE(L90&J90) -> 40929.373 | N90: =IF(L90=0,0,COUNT(M$71:M$90)-(RANK(M90,M$71:M$90,0)+COUNTIF(M$71:M90,M90))+2) -> 0 | O90: =D90 -> 0 | P90: =B90 -> 1104158 | R90: =OFFSET(N$71,MATCH(SMALL(N$71:N$90,ROW()-ROW(R$71)+1),N$71:N$90,0)-1,0) -> 0 | S90: =OFFSET(M$71,MATCH(SMALL(N$71:N$90,ROW()-ROW(R$71)+1),N$71:N$90,0)-1,0) -> 40928.625 | T90: =VLOOKUP(S90,M$71:O$90,3,FALSE) -> 0 | U90: =VLOOKUP(S90,M$71:P$90,4,FALSE) -> 1104134
B91: total | C91: =+COUNTIF(C71:C90,"Y") -> 0 | D91: =+IF(ISERROR(SUMPRODUCT(E71:E90,D71:D90)/E91),0,SUMPRODUCT(E71:E90,D71:D90)/E91) -> 0 | E91: =+SUMIF(C71:C90,"Y",E71:E90) -> 0 | I91: =+IF(ISERROR(VLOOKUP(B91,$J$96:$K$115,2,FALSE)),0,VLOOKUP(B91,$J$96:$K$115,2,FALSE)) -> 0
I92: =+IF(ISERR(SUMPRODUCT(D71:D90,I71:I90)/I91),0,SUMPRODUCT(D71:D90,I71:I90)/I91) -> 0
B93: Amount required to fund all under subscribed: | E93: =IF(M62="UNDER",+M61,0) -> 1019174
B94: If bids>under subscribed amount, accept lowest rate first: | H94: Bid amt taken | I94: Amt required | J94: Bid #
I95: =E93 -> 1019174
G96: 1 | H96: =+IF(I95>0,MIN(SUMIF($N$71:$N$90,G96,$E$71:$E$90),I95),0) -> 0 | I96: =I95-H96 -> 1019174 | J96: =IF(ISERROR(VLOOKUP(G96,R$71:U$90,4,FALSE)),"",VLOOKUP(G96,R$71:U$90,4,FALSE)) | K96: =+H96 -> 0
G97: =1+G96 -> 2 | H97: =+IF(I96>0,MIN(SUMIF($N$71:$N$90,G97,$E$71:$E$90),I96),0) -> 0 | I97: =I96-H97 -> 1019174 | J97: =IF(ISERROR(VLOOKUP(G97,R$71:U$90,4,FALSE)),"",VLOOKUP(G97,R$71:U$90,4,FALSE)) | K97: =+H97 -> 0
G98: =1+G97 -> 3 | H98: =+IF(I97>0,MIN(SUMIF($N$71:$N$90,G98,$E$71:$E$90),I97),0) -> 0 | I98: =I97-H98 -> 1019174 | J98: =IF(ISERROR(VLOOKUP(G98,R$71:U$90,4,FALSE)),"",VLOOKUP(G98,R$71:U$90,4,FALSE)) | K98: =+H98 -> 0
G99: =1+G98 -> 4 | H99: =+IF(I98>0,MIN(SUMIF($N$71:$N$90,G99,$E$71:$E$90),I98),0) -> 0 | I99: =I98-H99 -> 1019174 | J99: =IF(ISERROR(VLOOKUP(G99,R$71:U$90,4,FALSE)),"",VLOOKUP(G99,R$71:U$90,4,FALSE)) | K99: =+H99 -> 0
G100: =1+G99 -> 5 | H100: =+IF(I99>0,MIN(SUMIF($N$71:$N$90,G100,$E$71:$E$90),I99),0) -> 0 | I100: =I99-H100 -> 1019174 | J100: =IF(ISERROR(VLOOKUP(G100,R$71:U$90,4,FALSE)),"",VLOOKUP(G100,R$71:U$90,4,FALSE)) | K100: =+H100 -> 0
G101: =1+G100 -> 6 | H101: =+IF(I100>0,MIN(SUMIF($N$71:$N$90,G101,$E$71:$E$90),I100),0) -> 0 | I101: =I100-H101 -> 1019174 | J101: =IF(ISERROR(VLOOKUP(G101,R$71:U$90,4,FALSE)),"",VLOOKUP(G101,R$71:U$90,4,FALSE)) | K101: =+H101 -> 0
G102: =1+G101 -> 7 | H102: =+IF(I101>0,MIN(SUMIF($N$71:$N$90,G102,$E$71:$E$90),I101),0) -> 0 | I102: =I101-H102 -> 1019174 | J102: =IF(ISERROR(VLOOKUP(G102,R$71:U$90,4,FALSE)),"",VLOOKUP(G102,R$71:U$90,4,FALSE)) | K102: =+H102 -> 0
G103: =1+G102 -> 8 | H103: =+IF(I102>0,MIN(SUMIF($N$71:$N$90,G103,$E$71:$E$90),I102),0) -> 0 | I103: =I102-H103 -> 1019174 | J103: =IF(ISERROR(VLOOKUP(G103,R$71:U$90,4,FALSE)),"",VLOOKUP(G103,R$71:U$90,4,FALSE)) | K103: =+H103 -> 0
G104: =1+G103 -> 9 | H104: =+IF(I103>0,MIN(SUMIF($N$71:$N$90,G104,$E$71:$E$90),I103),0) -> 0 | I104: =I103-H104 -> 1019174 | J104: =IF(ISERROR(VLOOKUP(G104,R$71:U$90,4,FALSE)),"",VLOOKUP(G104,R$71:U$90,4,FALSE)) | K104: =+H104 -> 0
G105: =1+G104 -> 10 | H105: =+IF(I104>0,MIN(SUMIF($N$71:$N$90,G105,$E$71:$E$90),I104),0) -> 0 | I105: =I104-H105 -> 1019174 | J105: =IF(ISERROR(VLOOKUP(G105,R$71:U$90,4,FALSE)),"",VLOOKUP(G105,R$71:U$90,4,FALSE)) | K105: =+H105 -> 0
G106: =1+G105 -> 11 | H106: =+IF(I105>0,MIN(SUMIF($N$71:$N$90,G106,$E$71:$E$90),I105),0) -> 0 | I106: =I105-H106 -> 1019174 | J106: =IF(ISERROR(VLOOKUP(G106,R$71:U$90,4,FALSE)),"",VLOOKUP(G106,R$71:U$90,4,FALSE)) | K106: =+H106 -> 0
G107: =1+G106 -> 12 | H107: =+IF(I106>0,MIN(SUMIF($N$71:$N$90,G107,$E$71:$E$90),I106),0) -> 0 | I107: =I106-H107 -> 1019174 | J107: =IF(ISERROR(VLOOKUP(G107,R$71:U$90,4,FALSE)),"",VLOOKUP(G107,R$71:U$90,4,FALSE)) | K107: =+H107 -> 0
G108: =1+G107 -> 13 | H108: =+IF(I107>0,MIN(SUMIF($N$71:$N$90,G108,$E$71:$E$90),I107),0) -> 0 | I108: =I107-H108 -> 1019174 | J108: =IF(ISERROR(VLOOKUP(G108,R$71:U$90,4,FALSE)),"",VLOOKUP(G108,R$71:U$90,4,FALSE)) | K108: =+H108 -> 0
... G115: =1+G114 -> 20 | H115: =+IF(I114>0,MIN(SUMIF($N$71:$N$90,G115,$E$71:$E$90),I114),0) -> 0 | I115: =I114-H115 -> 1019174 | J115: =IF(ISERROR(VLOOKUP(G115,R$71:U$90,4,FALSE)),"",VLOOKUP(G115,R$71:U$90,4,FALSE)) | K115: =+H115 -> 0
G117: =+G61 -> 0 | H117: =+H61 -> 150274 | I117: =+I61 -> 383900 | J117: =+J61 -> 0 | K117: =+K61 -> 0 | L117: =+L61 -> 485000 | M117: =+M61 -> 1019174
B118: Bid ID | C118: Rate | D118: Amount Awarded | E118: Rate Awarded
B119: =+B71 -> 1104134 | C119: =+D71 -> 0 | D119: =+I71 -> 0 | E119: =+IF(D119>0,C119+(SUMPRODUCT($G119:$L119,$G$141:$L$141)/$M119),0) -> 0 | G119: =+G$117/$M$117*$D119 -> 0 | H119: =+H$117/$M$117*$D119 -> 0 | I119: =+I$117/$M$117*$D119 -> 0 | J119: =+J$117/$M$117*$D119 -> 0 | K119: =+K$117/$M$117*$D119 -> 0 | L119: =+L$117/$M$117*$D119 -> 0 | M119: =SUM(G119:L119) -> 0
B120: =+B72 -> 1104143 | C120: =+D72 -> 0 | D120: =+I72 -> 0 | E120: =+IF(D120>0,C120+(SUMPRODUCT($G120:$L120,$G$141:$L$141)/$M120),0) -> 0 | G120: =+G$117/$M$117*$D120 -> 0 | H120: =+H$117/$M$117*$D120 -> 0 | I120: =+I$117/$M$117*$D120 -> 0 | J120: =+J$117/$M$117*$D120 -> 0 | K120: =+K$117/$M$117*$D120 -> 0 | L120: =+L$117/$M$117*$D120 -> 0 | M120: =SUM(G120:L120) -> 0
B121: =+B73 -> 1104154 | C121: =+D73 -> 0 | D121: =+I73 -> 0 | E121: =+IF(D121>0,C121+(SUMPRODUCT($G121:$L121,$G$141:$L$141)/$M121),0) -> 0 | G121: =+G$117/$M$117*$D121 -> 0 | H121: =+H$117/$M$117*$D121 -> 0 | I121: =+I$117/$M$117*$D121 -> 0 | J121: =+J$117/$M$117*$D121 -> 0 | K121: =+K$117/$M$117*$D121 -> 0 | L121: =+L$117/$M$117*$D121 -> 0 | M121: =SUM(G121:L121) -> 0
B122: =+B74 -> 1104152 | C122: =+D74 -> 0 | D122: =+I74 -> 0 | E122: =+IF(D122>0,C122+(SUMPRODUCT($G122:$L122,$G$141:$L$141)/$M122),0) -> 0 | G122: =+G$117/$M$117*$D122 -> 0 | H122: =+H$117/$M$117*$D122 -> 0 | I122: =+I$117/$M$117*$D122 -> 0 | J122: =+J$117/$M$117*$D122 -> 0 | K122: =+K$117/$M$117*$D122 -> 0 | L122: =+L$117/$M$117*$D122 -> 0 | M122: =SUM(G122:L122) -> 0
B123: =+B75 -> 1104136 | C123: =+D75 -> 0 | D123: =+I75 -> 0 | E123: =+IF(D123>0,C123+(SUMPRODUCT($G123:$L123,$G$141:$L$141)/$M123),0) -> 0 | G123: =+G$117/$M$117*$D123 -> 0 | H123: =+H$117/$M$117*$D123 -> 0 | I123: =+I$117/$M$117*$D123 -> 0 | J123: =+J$117/$M$117*$D123 -> 0 | K123: =+K$117/$M$117*$D123 -> 0 | L123: =+L$117/$M$117*$D123 -> 0 | M123: =SUM(G123:L123) -> 0
B124: =+B76 -> 1104138 | C124: =+D76 -> 0 | D124: =+I76 -> 0 | E124: =+IF(D124>0,C124+(SUMPRODUCT($G124:$L124,$G$141:$L$141)/$M124),0) -> 0 | G124: =+G$117/$M$117*$D124 -> 0 | H124: =+H$117/$M$117*$D124 -> 0 | I124: =+I$117/$M$117*$D124 -> 0 | J124: =+J$117/$M$117*$D124 -> 0 | K124: =+K$117/$M$117*$D124 -> 0 | L124: =+L$117/$M$117*$D124 -> 0 | M124: =SUM(G124:L124) -> 0
B125: =+B77 -> 1104139 | C125: =+D77 -> 0 | D125: =+I77 -> 0 | E125: =+IF(D125>0,C125+(SUMPRODUCT($G125:$L125,$G$141:$L$141)/$M125),0) -> 0 | G125: =+G$117/$M$117*$D125 -> 0 | H125: =+H$117/$M$117*$D125 -> 0 | I125: =+I$117/$M$117*$D125 -> 0 | J125: =+J$117/$M$117*$D125 -> 0 | K125: =+K$117/$M$117*$D125 -> 0 | L125: =+L$117/$M$117*$D125 -> 0 | M125: =SUM(G125:L125) -> 0
B126: =+B78 -> 1104140 | C126: =+D78 -> 0 | D126: =+I78 -> 0 | E126: =+IF(D126>0,C126+(SUMPRODUCT($G126:$L126,$G$141:$L$141)/$M126),0) -> 0 | G126: =+G$117/$M$117*$D126 -> 0 | H126: =+H$117/$M$117*$D126 -> 0 | I126: =+I$117/$M$117*$D126 -> 0 | J126: =+J$117/$M$117*$D126 -> 0 | K126: =+K$117/$M$117*$D126 -> 0 | L126: =+L$117/$M$117*$D126 -> 0 | M126: =SUM(G126:L126) -> 0
B127: =+B79 -> 1104141 | C127: =+D79 -> 0 | D127: =+I79 -> 0 | E127: =+IF(D127>0,C127+(SUMPRODUCT($G127:$L127,$G$141:$L$141)/$M127),0) -> 0 | G127: =+G$117/$M$117*$D127 -> 0 | H127: =+H$117/$M$117*$D127 -> 0 | I127: =+I$117/$M$117*$D127 -> 0 | J127: =+J$117/$M$117*$D127 -> 0 | K127: =+K$117/$M$117*$D127 -> 0 | L127: =+L$117/$M$117*$D127 -> 0 | M127: =SUM(G127:L127) -> 0
B128: =+B80 -> 1104159 | C128: =+D80 -> 0 | D128: =+I80 -> 0 | E128: =+IF(D128>0,C128+(SUMPRODUCT($G128:$L128,$G$141:$L$141)/$M128),0) -> 0 | G128: =+G$117/$M$117*$D128 -> 0 | H128: =+H$117/$M$117*$D128 -> 0 | I128: =+I$117/$M$117*$D128 -> 0 | J128: =+J$117/$M$117*$D128 -> 0 | K128: =+K$117/$M$117*$D128 -> 0 | L128: =+L$117/$M$117*$D128 -> 0 | M128: =SUM(G128:L128) -> 0
B129: =+B81 -> 1104161 | C129: =+D81 -> 0 | D129: =+I81 -> 0 | E129: =+IF(D129>0,C129+(SUMPRODUCT($G129:$L129,$G$141:$L$141)/$M129),0) -> 0 | G129: =+G$117/$M$117*$D129 -> 0 | H129: =+H$117/$M$117*$D129 -> 0 | I129: =+I$117/$M$117*$D129 -> 0 | J129: =+J$117/$M$117*$D129 -> 0 | K129: =+K$117/$M$117*$D129 -> 0 | L129: =+L$117/$M$117*$D129 -> 0 | M129: =SUM(G129:L129) -> 0
...
